Name,Team,Position,Start-IP,Relief-IP,WAR,IP,ERA,FIP,xFIP,SIERA,K%,BB%,SwStr%,CSW%,Hard%
Sean Doolittle,WSN,RP,0,5.1,0.3,5.1,0,0.86,3.08,2.15,35.3,0,20,38.2,36.4
Charlie Culberson,TEX,RP,0,2,0,2,0,4.61,6.83,7.39,0,12.5,3.6,17.9,28.6
Sandy Leon,CLE,RP,0,2,0,2,0,3.11,6.81,9.64,0,0,5.9,29.4,0
Marwin Gonzalez,NYY,RP,0,0.1,0,0.1,0,3.11,3.11,-1.3,0,0,0,25,0
Jay Jackson,ATL,RP,0,1.1,0,1.1,0,1.61,3.83,4.47,20,0,16.7,25,25
Ehire Adrianza,WSN,RP,0,1,0,1,0,4.11,7.07,7.26,25,25,8.3,25,0
Darin Ruf,NYM,RP,0,2,0,2,0,3.11,6.81,7.81,0,0,0,14.3,28.6
Randal Grichuk,COL,RP,0,1,0,1,0,3.11,4.59,4.6,0,0,10,20,33.3
Corey Dickerson,STL,RP,0,1,0,1,0,6.11,7.59,8.06,0,16.7,0,11.1,20
Phil Gosselin,LAA,RP,0,1,0,1,0,3.11,4.59,4.6,0,0,0,0,33.3
Parker Markel,OAK,RP,0,3,-0.1,3,0,6.11,7.59,9.51,23.1,38.5,8.2,24.6,60
Jace Peterson,MIL,RP,0,1,0,1,0,3.11,4.59,4.6,0,0,0,25,0
Alex Claudio,NYM,RP,0,3.1,0,3.1,0,3.71,4.6,4.87,15.4,15.4,10,18,33.3
Ken Giles,SEA,RP,0,4.1,0,4.1,0,3.11,4.14,4.63,33.3,22.2,14.9,31.3,37.5
Orlando Arcia,ATL,RP,0,1,0,1,0,6.11,10.55,13.3,0,25,10,10,0
Ildemaro Vargas,WSN,RP,0,1,0,1,0,3.11,4.59,4.6,0,0,0,0,66.7
Austin Adams,SDP,RP,0,2.1,0,2.1,0,5.26,5.26,7.5,22.2,33.3,10.4,31.3,25
Kevin Plawecki,BOS,RP,0,1,0,1,0,3.11,7.55,10.41,0,0,0,11.1,50
Franmil Reyes,CHC,RP,0,1,0,1,0,4.11,4.11,1.02,33.3,0,10,40,0
Jack Mayfield,LAA,RP,0,1,0,1,0,3.11,6.07,6.8,0,0,0,30.8,0
Willians Astudillo,MIA,RP,0,2,0,2,0,6.11,6.85,10.45,0,28.6,0,13,60
Reese McGuire,BOS,RP,0,1,0,1,0,3.11,6.07,7.23,0,0,0,14.3,66.7
Pablo Reyes,MIL,RP,0,1,0,1,0,3.11,4.59,5.92,0,0,0,33.3,0
Ryan Castellani,OAK,RP,0,2.2,0.1,2.2,0,2.36,3.47,3.27,9.1,0,4.4,17.8,30
Yonny Chirinos,TBR,SP,4,3,0.2,7,0,2.26,3.1,2.44,20,3.3,9,27,40.9
J.P. Feyereisen,TBR,RP,4,20.1,1,24.1,0,1.67,3.56,2.93,29.1,5.8,16.3,29.9,32.1
Vinny Nittoli,PHI,RP,0,2,0,2,0,5.11,6.59,5.32,12.5,12.5,10,25,20
Jermaine Palacios,MIN,RP,0,0.2,0,0.2,0,0.11,2.33,1.76,33.3,0,25,25,100
Conner Menez,CHC,RP,0,1,0,1,0,4.11,5.59,3.18,20,0,0,20.8,33.3
Kyle Dowdy,CIN,RP,0,6.1,0,6.1,0,4.06,5.93,5.41,11.1,11.1,4.2,17.9,25
Brian Serven,COL,RP,0,1,0,1,0,6.11,7.59,11.61,0,33.3,0,12.5,0
Jorge Alcala,MIN,RP,0,2.1,0,2.1,0,3.97,5.24,5.67,20,20,12.5,30,16.7
Andrew Knizner,STL,RP,0,0.2,0,0.2,0,3.11,5.33,5.92,0,0,0,9.1,33.3
Sheldon Neuse,OAK,RP,0,3.2,0,3.2,0,3.11,5.94,6.8,0,0,0,18.2,66.7
Jordan Sheffield,COL,RP,0,2,0,2,0,5.11,5.85,7.3,12.5,25,10.8,18.9,40
Mike Brosseau,MIL,RP,0,3,0,3,0,4.11,5.1,5.67,0,7.7,2.3,18.2,33.3
Darick Hall,PHI,RP,0,0.1,0,0.1,0,3.11,7.55,8.3,0,0,0,33.3,0
Michel Baez,SDP,RP,0,2,0,2,0,1.11,2.59,2.23,28.6,0,8,16,40
"Riley O'Brien",SEA,RP,0,1,0,1,0,4.11,4.11,3.77,20,20,4.3,17.4,33.3
Bowden Francis,TOR,RP,0,0.2,0,0.2,0,0.11,0.11,1.02,33.3,0,22.2,22.2,0
Luis Castillo,DET,RP,0,3.2,0.1,3.2,0,0.93,1.74,1.31,28.6,0,11.7,23.3,30
Aneurys Zabala,MIA,RP,0,2.2,0,2.2,0,2.74,4.96,4.66,18.2,9.1,11.6,27.9,37.5
Nick Duron,PHI,RP,0,1,0,1,0,1.11,1.11,-0.92,25,0,6.3,31.3,33.3
Yerry Rodriguez,TEX,RP,0,1,0,1,0,1.11,2.59,2.05,25,0,5.6,16.7,66.7
Angel Rondon,STL,RP,0,5,0.1,5,0,3.31,5.68,5.38,20,15,5.8,19.8,23.1
Kyle Tyler,SDP,RP,0,4,0,4,0,2.86,3.6,3.52,14.3,7.1,10,25,27.3
Max Kranick,PIT,RP,0,5,0.2,5,0,3.31,5.09,5.12,21.1,15.8,11.8,21.1,0
Easton McGee,TBR,RP,0,3,0,3,0,2.45,5.41,5.49,7.1,0,4.3,21.7,15.4
Freddy Tarnok,ATL,RP,0,0.2,0,0.2,0,0.11,0.11,1.02,33.3,0,40,60,50
William Woods,ATL,RP,0,2,0,2,0,2.61,4.09,4.09,25,12.5,9.7,29,20
Cam Alldred,PIT,RP,0,1,0,1,0,1.11,2.59,2.05,25,0,6.3,31.3,33.3
Nick Mears,PIT,RP,0,2,0,2,0,2.61,4.09,3.96,25,12.5,19.4,22.6,20
Nash Walters,LAA,RP,0,0.1,0,0.1,0,12.11,12.11,8.9,0,33.3,0,0,0
Nate Fisher,NYM,RP,0,3,0,3,0,4.45,6.91,7.56,9.1,18.2,6,24,12.5
Tyler Kinley,COL,RP,0,24,0.9,24,0.75,1.74,3.16,2.91,27,6,16.7,29.4,27.3
Ryan Weber,NYY,RP,0,10.2,0,10.2,0.84,4.05,3.8,3.74,8.1,2.7,2.4,29.1,24.2
Hunter Brown,HOU,SP,12,8.1,0.6,20.1,0.89,1.98,2.78,2.87,27.5,8.8,10,31.4,29.4
Yency Almonte,LAD,RP,0,35.1,0.5,35.1,1.02,3.17,3.65,3.25,24.4,7.4,14.2,33.3,21.6
Scott Alexander,SFG,RP,4.1,13,0.3,17.1,1.04,2.88,2.64,2.02,15.9,1.6,11.2,30.4,23.1
Luis Ortiz,SFG,RP,0,8.2,0.1,8.2,1.04,2.77,4.47,4.33,18.2,9.1,13.6,28,25
Jose Cisnero,DET,RP,0,25,0.1,25,1.08,3.67,5.09,5.19,21.9,18.1,11.9,27.4,29
Pete Fairbanks,TBR,RP,0,24,1.2,24,1.13,0.86,1.12,1.09,43.7,3.4,17,34.4,24.4
Evan Phillips,LAD,RP,0,63,2.2,63,1.14,1.94,2.72,2.34,33,6.4,12.2,32.7,23.9
Ryne Stanek,HOU,RP,0,54.2,0.9,54.2,1.15,3.02,3.95,3.85,27.7,13.8,15.5,28.8,27.5
Fernando Cruz,CIN,RP,3.1,11.1,0.3,14.2,1.23,3.18,3.61,3.42,32.8,14.1,16.5,30,21.2
Ryan Helsley,STL,RP,0,64.2,2,64.2,1.25,2.34,2.6,2.02,39.3,8.4,18.4,32.7,32.8
Edwin Diaz,NYM,RP,0,62,3,62,1.31,0.9,1.04,1.11,50.2,7.7,24.7,42.1,22.7
Tyler Glasnow,TBR,SP,6.2,0,0.1,6.2,1.35,2.96,2.57,2.36,38.5,7.7,14,31.6,64.3
Matthew Boyd,SEA,RP,0,13.1,0.1,13.1,1.35,3.19,4.41,4.38,24.5,15.1,13,31.8,16.1
Emmanuel Clase,CLE,RP,0,72.2,2.4,72.2,1.36,1.98,2.18,1.95,28.4,3.7,16.7,30.4,19.7
Matt Gage,TOR,RP,0,13,0,13,1.38,3.88,4.13,3.93,24,12,14.4,27.3,35.5
Cionel Perez,BAL,RP,0,57.2,1,57.2,1.4,2.8,3.56,3.48,23.5,9,11.4,27.9,26.1
Danny Coulombe,MIN,RP,0,12.1,0,12.1,1.46,3.84,5.52,5.64,17,17,12.6,25.2,22.9
Ryne Nelson,ARI,SP,18.1,0,0.3,18.1,1.47,3.77,4.69,4.55,23.2,8.7,8.3,27.7,27.7
Drey Jameson,ARI,SP,24.1,0,0.5,24.1,1.48,3.19,2.98,3.27,24.5,7.1,11.4,27.6,37.9
Anthony Bass,- - -,RP,0,69.4,1.3,70.1,1.54,3,3.34,3.11,26.5,7.3,14.5,32.2,26.4
Jason Adam,TBR,RP,0,63.1,1.3,63.1,1.56,2.86,3.17,2.57,31.6,7.2,17.9,35.2,23.9
Marcos Diplan,BAL,RP,0,5.2,0.1,5.2,1.59,2.94,3.72,4.32,29.6,18.5,7.4,23,35.7
Angel Zerpa,KCR,SP,9,2,-0.1,11,1.64,5.75,5,5.51,6.8,6.8,4.4,23.9,47.4
Erik Swanson,SEA,RP,2,51.2,1.7,53.2,1.68,1.85,2.72,2.19,34,4.9,15.3,30.2,26.4
Mark Appel,PHI,RP,0,10.1,0.1,10.1,1.74,3.02,4.31,4.33,12.5,7.5,7.4,24.8,28.1
Justin Verlander,HOU,SP,175,0,6.1,175,1.75,2.49,3.23,3.09,27.8,4.4,11.6,26.5,29.4
Daniel Bard,COL,RP,0,60.1,1.8,60.1,1.79,2.86,3.3,3.17,28.2,10.2,11.3,30.6,27
Blake Treinen,LAD,RP,0,5,0,5,1.8,3.91,1.9,1.77,35.3,5.9,10.1,27.5,30
Luke Bard,- - -,RP,0,15,0,15,1.8,3.85,5.03,5.2,13.6,11.9,10,25.7,31
Caleb Ferguson,LAD,RP,1,33.2,0.5,34.2,1.82,3,3.86,3.74,26.1,12,11.4,29.3,27.9
Alexis Diaz,CIN,RP,0,63.2,1,63.2,1.84,3.32,3.97,3.29,32.5,12.9,16.5,30.6,23.1
Jhoan Duran,MIN,RP,0,67.2,1.5,67.2,1.86,2.52,2.11,1.96,33.5,6,18.1,32.6,21.7
Andre Jackson,LAD,RP,0,9.2,0.2,9.2,1.86,2.49,4.02,3.87,21.4,9.5,12.2,25,31
Devin Williams,MIL,RP,0,60.2,2.2,60.2,1.93,2.01,2.36,2.43,40,12.5,18.4,33.9,20.7
Bryan Abreu,HOU,RP,0,60.1,1.4,60.1,1.94,2.12,2.69,2.56,35.5,10.5,17.6,30.5,24.6
Matt Moore,TEX,RP,0,74,1.3,74,1.95,2.98,3.87,3.69,27.3,12.5,14.8,29.3,22.5
Brock Burke,TEX,RP,0,82.1,0.9,82.1,1.97,3.29,3.49,3.05,27.4,7.3,11.1,28.2,29.7
Ron Marinaccio,NYY,RP,0,44,0.4,44,2.05,3.2,4.06,3.42,30.9,13.3,13.9,31.4,21.3
Adam Ottavino,NYM,RP,0,65.2,1.1,65.2,2.06,2.85,2.79,2.45,30.6,6.2,12.6,32.8,22.8
A.J. Minter,ATL,RP,0,70,2.1,70,2.06,2.13,2.68,2.13,34.7,5.5,15.7,31,25.2
Drew Carlton,DET,RP,0,8.2,0.1,8.2,2.08,3,3.21,2.87,21.9,0,9.2,23.3,40
James Karinchak,CLE,RP,0,39,1,39,2.08,2.29,3.11,2.68,38.8,13.1,12.5,32.8,30.3
Zack Thompson,STL,RP,5,29.2,0.1,34.2,2.08,3.89,3.96,4.05,19.9,10.3,7.5,26.1,26.3
Seth Martinez,HOU,RP,0,38.2,0.4,38.2,2.09,3.32,3.92,3.56,24.5,9,11,28.9,22.5
Jordan Romano,TOR,RP,0,64,1.6,64,2.11,2.82,3.44,3.02,28.3,8.1,14.7,30.6,33.3
Dylan Lee,ATL,RP,0,50.2,1.1,50.2,2.13,2.66,3.1,2.64,29.4,5,19,31.6,27.3
Angel De Jesus,DET,RP,0,12.2,-0.1,12.2,2.13,5.48,6,5.05,13,7.4,7.8,25,31.7
Tony Gonsolin,LAD,SP,130.1,0,2.7,130.1,2.14,3.28,3.69,3.74,23.9,7,12.3,28.7,31.8
Alex Vesia,LAD,RP,0,54.1,1.5,54.1,2.15,2.12,3.03,2.68,34.8,10.6,14.8,30.6,32
Julio Urias,LAD,SP,175,0,3.2,175,2.16,3.71,3.81,3.66,24.1,6,11.1,28.2,27.9
Jesus Tinoco,TEX,RP,3,17.2,0,20.2,2.18,4.23,4.76,4.41,21.4,11.9,10.6,29.1,36.4
Scott Barlow,KCR,RP,0,74.1,0.9,74.1,2.18,3.62,3.42,3.1,26.6,7.6,14.4,33.2,29.8
Hayden Wesneski,CHC,SP,24.1,8.2,0.7,33,2.18,3.2,3.64,3.32,25,5.3,11.7,27.2,16.9
Kyle Nelson,ARI,RP,1,36,0.4,37,2.19,3.22,4.39,4.13,19.9,9.3,11.3,26,31.7
Felix Bautista,BAL,RP,0,65.2,1.4,65.2,2.19,2.91,2.77,2.49,34.8,9.1,15.1,30.2,24.8
Dylan Cease,CHW,SP,184,0,4.4,184,2.2,3.1,3.5,3.48,30.4,10.4,15,29.9,25.7
Jovani Moran,MIN,RP,0,40.2,0.9,40.2,2.21,1.78,2.88,2.86,32.9,11,16.5,32,25
John Schreiber,BOS,RP,0,65,1.7,65,2.22,2.5,3.01,2.71,28.8,7.4,13.3,30.3,29.4
Daniel Hudson,LAD,RP,0,24.1,0.8,24.1,2.22,2.04,2.42,2.23,30.9,5.2,16.3,27.6,30
Jake Woodford,STL,RP,5.1,43,0.6,48.1,2.23,3.13,4.18,4.24,12.8,5.9,8.2,23.8,23.7
Alek Manoah,TOR,SP,196.2,0,4.1,196.2,2.24,3.35,3.97,3.85,22.9,6.5,11.2,27.5,23.7
Christian Bethancourt,- - -,RP,0,4,0,4,2.25,6.61,7.8,7.26,5.3,5.3,1.9,25,17.6
Michael Kelly,PHI,RP,0,4,0,4,2.25,5.86,4.46,3.49,25,6.3,10.9,29.7,20
Matt Wisler,TBR,RP,7.2,36.1,0.2,44,2.25,4.25,4.9,4.52,19.9,8,10.8,27.5,25.2
Nick Sandlin,CLE,RP,0,44,0.3,44,2.25,3.68,4.23,4.14,22.8,13.3,11.8,27.8,28.6
Lance McCullers Jr.,HOU,SP,47.2,0,0.8,47.2,2.27,3.49,3.58,3.96,25.6,11.3,11.1,29,22
Robert Suarez,SDP,RP,0,47.2,0.7,47.2,2.27,3.22,3.24,2.99,31.9,11,11.9,26.7,29.5
Clayton Kershaw,LAD,SP,126.1,0,3.8,126.1,2.28,2.57,2.83,2.98,27.8,4.7,13.9,31,28.4
Cody Morris,CLE,SP,20.2,3,0.1,23.2,2.28,4.34,4.19,4.44,23,12,13.9,25.2,36.9
Sandy Alcantara,MIA,SP,228.2,0,5.7,228.2,2.28,2.99,3.29,3.42,23.4,5.6,12.2,27.5,26.5
Max Scherzer,NYM,SP,145.1,0,4.4,145.1,2.29,2.62,3.23,2.88,30.6,4.2,14.8,30.8,26.9
Michael King,NYY,RP,0,51,1.7,51,2.29,2.23,2.42,2.44,33.2,8,14.4,34.7,24.8
Ronny Henriquez,MIN,RP,0,11.2,0,11.2,2.31,3.97,4.63,3.83,18,6,9.9,23.2,27.8
Sam Hentges,CLE,RP,0,62,1.1,62,2.32,2.48,2.67,2.51,29.4,7.8,13.6,30.2,29.8
Gabe Speier,KCR,RP,2,17.1,0.1,19.1,2.33,3.78,4.2,4.01,18.2,6.5,7.4,22.5,17.2
Shohei Ohtani,LAA,SP,166,0,5.6,166,2.33,2.4,2.65,2.73,33.2,6.7,14.9,31.6,24.6
Denyi Reyes,BAL,RP,3.2,4,0.2,7.2,2.35,2.72,4.65,4.82,9.7,3.2,11.1,22.2,22.2
Aaron Bummer,CHW,RP,0,26.2,0.3,26.2,2.36,3.19,2.82,2.73,25.6,8.5,10.1,31.3,32
Alex Young,- - -,RP,0.2,25.3,0.4,26.2,2.36,2.89,4.05,3.98,18.1,9.5,15.5,29.2,28.9
Rafael Montero,HOU,RP,0,68.1,1.5,68.1,2.37,2.64,3.22,3.05,27,8.5,11.4,29,22.1
David Robertson,- - -,RP,0,63.2,0.7,63.2,2.4,3.58,3.71,3.43,30.7,13.3,14,33,26.2
Junior Fernandez,- - -,RP,0,18.2,-0.3,18.2,2.41,5.79,4.89,4.84,16.7,14.3,10.5,25.8,30.4
Tommy Hunter,NYM,RP,0,22.1,0,22.1,2.42,4.28,3.94,3.42,23.4,6.4,11.2,24.9,30.3
JT Chargois,TBR,RP,4,18.1,-0.1,22.1,2.42,4.28,3.86,3.42,19.8,5.8,10.5,29.6,32.3
Nestor Cortes,NYY,SP,158.1,0,3.6,158.1,2.44,3.13,3.63,3.48,26.5,6.2,11.1,28.3,27.7
David Price,LAD,RP,0,40.1,0.1,40.1,2.45,3.88,3.23,3.06,22.2,5.4,8.1,27,30.6
Miguel Diaz,DET,RP,0,3.2,0,3.2,2.45,3.11,4.73,4.58,21.4,14.3,17.9,28.6,11.1
Stephen Nogosek,NYM,RP,0,22,-0.1,22,2.45,4.66,4.51,3.8,22.1,7.4,9.3,23.3,22.7
Justin Wilson,CIN,RP,0,3.2,0.2,3.2,2.45,-0.71,0.1,0.22,53.8,0,18.5,40.7,33.3
Jeffrey Springs,TBR,SP,125,10.1,3,135.1,2.46,3.04,3.29,3.32,26.2,5.6,13.5,29.8,30.2
Raisel Iglesias,- - -,RP,0,61.3,1.6,62,2.47,2.47,2.99,2.46,31.7,5.7,16.5,32.6,29.8
Max Fried,ATL,SP,185.1,0,5,185.1,2.48,2.7,3.09,3.31,23.2,4.4,12,27.5,24.5
Jimmy Herget,LAA,RP,3,66,1.6,69,2.48,2.82,3.48,3.26,23.7,5.6,11.1,30.6,27.6
Andres Munoz,SEA,RP,0,65,1.9,65,2.49,2.04,2.04,1.74,38.7,6,21.6,35.6,25.6
Hunter Harvey,WSN,RP,0,39.1,1,39.1,2.52,2.07,3.4,2.96,28.7,7.6,12,28.4,27
Camilo Doval,SFG,RP,0,67.2,1.2,67.2,2.53,2.98,3.04,3.07,28,10.5,13.7,29.6,25.4
Jorge Lopez,- - -,RP,0,70.3,0.8,71,2.54,3.42,3.69,3.46,24.2,10.4,10.9,29.7,21.3
Scott Effross,- - -,RP,1.1,54.4,1.3,56.2,2.54,2.46,3.18,2.95,27.1,6.6,10.4,31.2,19.5
Cristian Javier,HOU,SP,134.1,14.1,3.4,148.2,2.54,3.16,3.53,3.14,33.2,8.9,13.8,28.3,29.7
Shane McClanahan,TBR,SP,166.1,0,3.5,166.1,2.54,3,2.6,2.82,30.3,5.9,15.5,32.8,28.4
Zac Gallen,ARI,SP,184,0,4.3,184,2.54,3.05,3.31,3.32,26.9,6.6,10.1,27.8,29.2
Clay Holmes,NYY,RP,0,63.2,1.1,63.2,2.54,2.85,2.9,2.28,25,7.7,12.6,30.4,26.1
Tyler Anderson,LAD,SP,170.2,8,4,178.2,2.57,3.31,4.1,4.04,19.5,4.8,11.8,28.1,26.8
Wily Peralta,DET,RP,2,36.1,0,38.1,2.58,4.08,4.79,4.85,19,14.3,8.4,25.4,32.4
Collin McHugh,ATL,RP,0,69.1,1.4,69.1,2.6,2.71,3.24,2.78,27.6,5.1,12.6,28.7,28.1
Jaime Barria,LAA,RP,4.2,74.2,0.1,79.1,2.61,4.39,4.39,4.13,17.1,6,10.8,26.4,30.4
David Bednar,PIT,RP,0,51.2,1.5,51.2,2.61,2.44,2.83,2.53,32.9,7.6,15.3,31.5,28.2
Chase De Jong,PIT,RP,0,71.2,-0.2,71.2,2.64,4.74,4.96,4.38,20.1,10.2,10.6,26.9,26.8
Spencer Strider,ATL,SP,107.1,24.1,4.9,131.2,2.67,1.83,2.3,2.41,38.3,8.5,15.5,31.1,30.2
Lucas Luetge,NYY,RP,0,57.1,0.9,57.1,2.67,3.03,3.95,3.41,23.9,6.8,12.2,28.5,27.6
Paul Sewald,SEA,RP,0,64,0.5,64,2.67,3.88,3.58,2.89,29.8,7,14.9,31.2,29.5
Brooks Raley,TBR,RP,0,53.2,0.9,53.2,2.68,2.74,3.28,2.92,27.9,6.8,11.7,30.1,24.8
Trevor Stephan,CLE,RP,0,63.2,1.7,63.2,2.69,2.19,2.81,2.55,30.7,6.7,16.2,31.5,25.2
Michael Feliz,BOS,RP,0,3.1,-0.1,3.1,2.7,6.41,2.96,3.28,30.8,15.4,11.5,31.1,42.9
Jake Cousins,MIL,RP,0,13.1,0.2,13.1,2.7,3.19,3.43,2.99,35.6,13.6,17.6,33.7,21.4
Cooper Criswell,TBR,SP,3.1,0,0.1,3.1,2.7,1.61,2.94,2.9,30.8,7.7,11.1,37.8,25
Tyler Cyr,- - -,RP,0,13.1,0,13.1,2.7,4.01,2.95,2.9,29.1,9.1,11.6,26.8,36.4
Wandy Peralta,NYY,RP,0,56.1,1,56.1,2.72,2.86,3.61,3.51,21.1,7.6,16.3,27.8,18.4
Connor Overton,CIN,SP,24.2,8.1,0.7,33,2.73,3.66,4.97,5.44,11.3,8.9,6,25.4,21.2
Eduard Bazardo,BOS,RP,0,16.1,-0.2,16.1,2.76,6.05,4.77,4.16,16.9,6.2,11.9,26.7,29.2
Reynaldo Lopez,CHW,RP,2,63.1,2,65.1,2.76,1.93,3.28,3.02,24.8,4.3,13.9,29.3,29.2
Carl Edwards Jr.,WSN,RP,0,62,0.1,62,2.76,4.24,4.09,3.88,21.9,9.8,10.7,27,28.2
Zach Pop,- - -,RP,0,39,0.5,39,2.77,2.96,3.43,3.21,15.9,2.5,8.2,25,27
Dylan Coleman,KCR,RP,0,68,0.4,68,2.78,3.88,4.38,4.04,24.6,12.8,13.1,28.5,24.6
Brad Hand,PHI,RP,0,45,0.3,45,2.8,3.93,4.9,4.51,19.2,11.6,7.3,28.8,25.2
Adam Cimber,TOR,RP,0,70.2,0.9,70.2,2.8,3.47,3.87,3.53,19.8,4.4,9,26.8,26.2
Jalen Beeks,TBR,RP,12.2,48.1,0.6,61,2.8,3.49,3.26,3.16,28,8.8,14,28.9,29.5
Liam Hendriks,CHW,RP,0,57.2,1.6,57.2,2.81,2.68,2.64,2.14,36.2,6.8,18.2,32.8,22.7
Framber Valdez,HOU,SP,201.1,0,4.4,201.1,2.82,3.06,2.99,3.14,23.5,8.1,11.3,28.8,30.1
Zack Wheeler,PHI,SP,153,0,4.1,153,2.82,2.89,3.06,3.19,26.9,5.6,11.4,27.7,27.3
Andrew Chafin,DET,RP,0,57.1,0.9,57.1,2.83,3.06,3.27,2.97,27.6,7.8,13.9,30,26.6
David Phelps,TOR,RP,1,62.2,0.7,63.2,2.83,3.16,4.26,4,23.5,11.4,6.9,26.9,25
Peter Strzelecki,MIL,RP,0,35,0.4,35,2.83,2.94,3.81,3.47,27,10.1,12.4,30.6,33.7
Jose Leclerc,TEX,RP,0,47.2,0.5,47.2,2.83,3.72,4.38,3.62,27.3,10.6,17.4,29.8,33.3
Drew Rasmussen,TBR,SP,146,0,2.9,146,2.84,3.26,3.56,3.74,21.4,5.3,12.1,25.9,30.5
Tommy Kahnle,LAD,RP,0,12.2,0,12.2,2.84,4.38,3.14,2.31,30.4,6.5,17.2,29.9,19.2
Joe Mantiply,ARI,RP,0,60,1.2,60,2.85,2.83,2.52,2.4,25.1,2.5,14.2,32.6,24.3
Shane Bieber,CLE,SP,200,0,4.9,200,2.88,2.87,2.98,3.21,25,4.6,13.8,31.4,33.5
Carlos Rodon,SFG,SP,178,0,6.2,178,2.88,2.25,2.91,2.83,33.4,7.3,14.1,30.6,29.3
Martin Perez,TEX,SP,196.1,0,3.8,196.1,2.89,3.27,3.8,4.08,20.6,8.4,8.4,27.2,25.7
Logan Webb,SFG,SP,192.1,0,4.2,192.1,2.9,3.03,3.31,3.56,20.7,6.2,10.6,29.3,27.2
Patrick Sandoval,LAA,SP,148.2,0,3.8,148.2,2.91,3.09,3.67,3.94,23.7,9.4,13.3,29.2,26.4
Sam Moll,OAK,RP,0,43.1,0,43.1,2.91,4.22,4.05,3.8,24.6,11.8,9.8,29.2,25
Erasmo Ramirez,WSN,RP,6,80.1,0.4,86.1,2.92,4.05,3.94,3.72,17.6,4,10.3,26.1,30.5
Mason Thompson,WSN,RP,0,24.2,0.1,24.2,2.92,4.17,4.55,4.43,14.9,8.9,10.3,24.5,21.1
Jose Quintana,- - -,SP,165.2,0,4,165.2,2.93,2.99,3.72,4.02,20.2,6.9,10.6,25.3,28.9
Joe Musgrove,SDP,SP,181,0,3.5,181,2.93,3.59,3.47,3.45,24.9,5.7,11,30.8,26.9
Jhonathan Diaz,LAA,SP,11.1,4,0.1,15.1,2.93,4.48,4.99,5.45,16.7,15.2,8.5,22.9,37.8
Corbin Burnes,MIL,SP,202,0,4.6,202,2.94,3.14,2.85,2.91,30.5,6.4,15.1,32.1,31.6
Nabil Crismatt,SDP,RP,3,64.1,0.8,67.1,2.94,3.22,3.46,3.37,23.2,7.9,11.6,30,29.3
Brad Boxberger,MIL,RP,0,64,0.7,64,2.95,3.57,4.06,3.65,25.4,10.1,9.5,30.7,28.1
Triston McKenzie,CLE,SP,188.1,3,3.6,191.1,2.96,3.59,3.77,3.57,25.6,5.9,13,27.6,33.5
Jonathan Hernandez,TEX,RP,0,30.1,0,30.1,2.97,3.97,3.99,4.02,20.6,13,12.5,27.4,34.9
Ryan Pressly,HOU,RP,0,48.1,1.4,48.1,2.98,2.31,2.21,2.14,35.7,7.1,17.7,33.2,26.9
Steven Okert,MIA,RP,0,51.1,-0.1,51.1,2.98,4.36,4.14,3.5,28.5,11.8,13,30.6,25.6
Penn Murfee,SEA,RP,2,67.1,0.7,69.1,2.99,3.1,3.6,3.01,27.9,6.6,11.4,29.8,23.3
Luis Castillo,- - -,SP,150.1,0,3.7,150.1,2.99,3.07,3.23,3.35,27.2,7.3,12.6,28.4,31.5
Enoli Paredes,HOU,RP,0,3,0,3,3,4.78,5.77,6.59,14.3,21.4,8.8,24.6,0
Kyle Barraclough,LAA,RP,0,9,0.2,9,3,2.45,4.26,3.97,24.3,10.8,18.7,30.9,41.7
Chad Green,NYY,RP,0,15,0.3,15,3,2.85,4.15,3.6,25.8,8.1,14.5,26.6,20
Tyler Holton,ARI,RP,0,9,0,9,3,4.22,5.41,4.61,15.4,5.1,13.8,25.2,26.7
Seranthony Dominguez,PHI,RP,0,51,1,51,3,3.09,3.26,3.15,29.5,10.6,14.1,27.2,32.5
Zach Jackson,OAK,RP,0,48,0.9,48,3,2.78,4.14,3.71,33.2,16.3,13,29.5,26
Steven Brault,CHC,RP,0,9,0.1,9,3,3.33,5.31,4.56,20.5,12.8,10.2,25.5,28
Edward Cabrera,MIA,SP,71.2,0,0.3,71.2,3.01,4.59,4.12,4.05,25.8,11.3,13.3,30.6,27.6
Ross Stripling,TOR,SP,123.1,11,3.1,134.1,3.01,3.11,3.67,3.71,20.7,3.7,11,27.5,30
Dylan Floro,MIA,RP,0,53.2,0.7,53.2,3.02,3.13,3.6,3.51,21.8,6.8,9.3,28.2,26.8
Joey Wentz,DET,SP,32.2,0,0.5,32.2,3.03,3.54,4.56,4.58,20,9.6,8.6,24.1,29.8
Enyel De Los Santos,CLE,RP,0,53.1,1,53.1,3.04,2.62,3.17,2.98,28.4,7.9,14,28.9,33.3
Giovanny Gallegos,STL,RP,0,59,1.3,59,3.05,2.88,3.51,2.89,31.1,7.7,17.3,31.8,29.9
Brandon Woodruff,MIL,SP,153.1,0,3.5,153.1,3.05,3.08,3.14,3.03,30.6,6.8,14.1,31,31.8
Chris Martin,- - -,RP,0,55.3,1.6,56,3.05,2.18,2.01,1.87,32.9,2.2,13.3,29,29
Dillon Tate,BAL,RP,0,73.2,0.5,73.2,3.05,3.48,3.4,3.09,20.5,5.5,10.6,29.6,27.8
Tanner Banks,CHW,RP,0,53,0.3,53,3.06,3.57,3.6,3.55,22.6,8.3,8.9,27,28.9
Steven Wilson,SDP,RP,1,52,0.3,53,3.06,4.13,4.62,3.95,24.8,9.3,12.7,28.8,21.7
Phoenix Sanders,TBR,RP,0,14.2,0.2,14.2,3.07,2.09,3.7,3.52,21.1,5.3,7.9,23.7,33.3
Jacob deGrom,NYM,SP,64.1,0,2.2,64.1,3.08,2.13,1.53,1.59,42.7,3.3,21.1,35.4,34.1
Sonny Gray,MIN,SP,119.2,0,2.4,119.2,3.08,3.4,3.66,3.73,24,7.4,9.2,29.4,31
Huascar Brazoban,MIA,RP,0,32,0,32,3.09,3.99,3.93,3.87,28.4,14.9,17,29.8,25.6
Andrew Heaney,LAD,SP,64.2,8,1.1,72.2,3.1,3.75,2.83,2.46,35.5,6.1,16.8,32.5,36
Yu Darvish,SDP,SP,194.2,0,4.2,194.2,3.1,3.31,3.58,3.39,25.6,4.8,11.4,29.6,29.7
Yimi Garcia,TOR,RP,0,61,0.9,61,3.1,3.47,4.09,3.43,23.5,6.5,10.5,26.9,24.3
Adrian Sampson,CHC,SP,98.2,5.2,1.5,104.1,3.11,3.79,4.39,4.48,17.1,6.3,9.3,23.6,25.8
Javier Assad,CHC,SP,36.2,1,0.4,37.2,3.11,4.49,4.92,5.09,18.1,12,10.1,25.1,28.4
Logan Gillaspie,BAL,RP,0,17.1,0.1,17.1,3.12,3.57,4.45,4.29,13.5,4.1,8,26,30.5
A.J. Puk,OAK,RP,0,66.1,0.3,66.1,3.12,3.69,3.67,3.15,27,8.2,12.9,30.8,31
Clarke Schmidt,NYY,RP,11.2,46,0.5,57.2,3.12,3.6,3.96,3.79,23.7,9.7,11.9,30.4,32.9
Brandon Hughes,CHC,RP,0,57.2,-0.3,57.2,3.12,4.64,3.78,3.14,28.5,8.8,15,30.6,32.6
Tim Mayza,TOR,RP,0,48.2,0.1,48.2,3.14,3.98,2.93,2.88,22.8,6.2,9.4,27.9,33.8
Tanner Houck,BOS,RP,16.2,43.1,0.7,60,3.15,3.3,3.68,3.61,22.7,8.9,12.9,28.6,28.2
Andrew Kittredge,TBR,RP,0,20,-0.2,20,3.15,4.61,3.79,3.51,18.7,2.7,13.3,26.6,27.1
Wade Miley,CHC,SP,35,2,0.5,37,3.16,3.95,4.42,4.48,17.6,8.8,10.6,29.2,28.7
Bryce Elder,ATL,SP,51.2,2.1,0.8,54,3.17,3.78,4.16,4.34,20.7,10.1,9.9,26.2,26
Andre Pallante,STL,SP,54.1,53.2,0.6,108,3.17,3.98,3.71,3.78,16,8.8,7.4,24.5,27.4
Luis Severino,NYY,SP,102,0,1.4,102,3.18,3.7,3.38,3.37,27.7,7.4,12.3,28.1,32.4
Justin Steele,CHC,SP,119,0,2.6,119,3.18,3.2,3.48,3.81,24.6,9.8,10.1,26,25.9
Chris Sale,BOS,SP,5.2,0,0.2,5.2,3.18,2.41,3.19,3.33,20,4,4.9,32.4,38.9
Jeremiah Estrada,CHC,RP,0,5.2,0,5.2,3.18,4.17,3.44,3.17,32,12,13.7,19.7,50
Cole Waites,SFG,RP,0,5.2,-0.1,5.2,3.18,6.11,5.65,5.6,16,16,7.7,22.1,29.4
John Brebbia,SFG,RP,11,57,0.9,68,3.18,3.32,4.5,4.08,18.8,6.3,11.2,26.1,32.6
Jose Alvarado,PHI,RP,0,51,1.7,51,3.18,1.92,2.16,2.37,37.9,11.2,16.9,32.3,26.9
Kendall Graveman,CHW,RP,0,65,0.7,65,3.18,3.42,3.44,3.39,23.2,9.1,11.2,29.3,26.3
Kyle Wright,ATL,SP,180.1,0,2.9,180.1,3.19,3.58,3.3,3.48,23.6,7.2,11.9,29.7,30.3
Keegan Akin,BAL,RP,2.1,79.1,0.5,81.2,3.2,3.59,3.34,3.2,23.4,6.1,12,29,31.7
Logan Gilbert,SEA,SP,185.2,0,3.2,185.2,3.2,3.46,3.78,3.84,22.7,6.4,10.8,25.1,35.4
Trevor Williams,NYM,RP,38.2,51,0.6,89.2,3.21,3.88,3.94,3.66,22.6,6.2,10.2,24.9,28.4
Bailey Ober,MIN,SP,56,0,1.4,56,3.21,2.92,4.18,3.99,22.5,4.8,13.3,27.3,30.7
Johan Oviedo,- - -,SP,35.2,20.1,0.7,56,3.21,3.74,4.14,4.01,22.3,9.5,11.2,27.7,29.6
Andrew Wantz,LAA,RP,1,49.1,0,50.1,3.22,4.48,4.39,3.79,25.5,10.3,13.1,28.8,31.8
Brady Singer,KCR,SP,147.2,5.2,2.9,153.1,3.23,3.58,3.3,3.4,24.2,5.6,9.3,30.3,31.5
Dean Kremer,BAL,SP,120,5.1,1.8,125.1,3.23,3.8,4.43,4.54,17,6.6,10.1,25.2,30.1
Joel Payamps,- - -,RP,0,55.2,0.2,55.2,3.23,4.24,4.07,3.86,17,6.6,9.7,24.7,26.4
Aaron Nola,PHI,SP,205,0,6.3,205,3.25,2.58,2.77,2.8,29.1,3.6,12.6,32.4,29.8
Jimmy Lambert,CHW,RP,6.2,40.1,0.3,47,3.26,3.9,4.62,4.29,22.1,11.8,11.5,26.9,25.4
Albert Abreu,- - -,RP,0,37.5,-0.1,38.2,3.26,4.77,4.31,4.16,22.1,12.8,10.2,27.7,22.9
Anthony Bender,MIA,RP,0,19.1,-0.1,19.1,3.26,4.77,3.67,3.68,21.8,10.3,10.6,32.8,23.1
Brusdar Graterol,LAD,RP,1,48.2,0.8,49.2,3.26,2.95,3.12,2.75,21.8,5.1,10.4,25.6,25.5
Connor Brogdon,PHI,RP,0,44,0.6,44,3.27,3.43,3.47,3.06,26.6,5.9,15.6,30.3,23.8
Gregory Soto,DET,RP,0,60.1,0.6,60.1,3.28,3.59,4.59,4.21,22.8,12.9,11.2,26,35.8
Miles Mikolas,STL,SP,199.1,3,2.8,202.1,3.29,3.87,3.8,3.99,19,4.8,8.2,26,28.9
Manuel Rodriguez,CHC,RP,0,13.2,-0.2,13.2,3.29,4.87,4.89,5.43,14,15.8,9.9,21.7,17.5
Tanner Rainey,WSN,RP,0,30,0.3,30,3.3,4.18,3.99,3.41,28.1,10.2,16.1,28.4,36.7
Andrew Bellatti,PHI,RP,1,53.1,1,54.1,3.31,2.87,3.37,2.88,33.9,10.9,16.2,30.4,27.8
Tyler Thornburg,- - -,RP,0,18.3,0,19,3.32,4.22,5.95,5.26,16.1,12.6,7.2,23.2,26.2
Jesus Luzardo,MIA,SP,100.1,0,2.2,100.1,3.32,3.12,3.11,3.28,30,8.8,13.8,31,32.9
Michael Wacha,BOS,SP,127.1,0,1.5,127.1,3.32,4.14,3.99,4.07,20.2,6,9.5,24.7,30.3
Domingo Acevedo,OAK,RP,0,67.2,0,67.2,3.33,4.01,3.88,3.56,21.8,6.4,15.8,27.9,26.1
Drew Smith,NYM,RP,0,46,-0.1,46,3.33,4.33,3.72,3.12,28.3,8,13.8,29,29.4
Andres Machado,WSN,RP,0,59.1,-0.1,59.1,3.34,4.51,4.55,4.42,17.6,10,10.9,26.1,33.7
Ralph Garza,TBR,RP,0,35,-0.3,35,3.34,5.17,5.29,5.34,11.1,10.5,8.4,25.9,30.5
Kevin Gausman,TOR,SP,174.2,0,5.7,174.2,3.35,2.38,2.75,2.94,28.3,3.9,15.5,29.8,30.3
Johnny Cueto,CHW,SP,153.1,5,2.4,158.1,3.35,3.79,4.38,4.49,15.7,5.1,7.7,23.3,30
Griffin Jax,MIN,RP,0,72.1,0.9,72.1,3.36,3.17,3.32,2.98,26.9,6.9,13.2,32,31.2
Merrill Kelly,ARI,SP,200.1,0,3.3,200.1,3.37,3.65,3.86,4.01,22,7.6,9.7,26.7,28.5
Blake Snell,SDP,SP,128,0,3.7,128,3.38,2.8,3.21,3.2,32,9.5,14.7,29,34.7
John Means,BAL,SP,8,0,0.3,8,3.38,2.11,3.78,3.99,20.6,5.9,11.1,22.2,24
Adbert Alzolay,CHC,RP,0,13.1,0.5,13.1,3.38,1.91,2.27,1.78,36.5,3.8,16.1,31.6,30
Kenley Jansen,ATL,RP,0,64,1.1,64,3.38,3.21,3.45,2.75,32.7,8.5,11.4,29.9,26.5
Eli Morgan,CLE,RP,3,63.2,0.6,66.2,3.38,3.58,3.54,2.92,28.1,5.1,11.8,27.9,30.8
Jeff Brigham,MIA,RP,0,24,0.2,24,3.38,3.65,3.88,3.54,27.7,9.9,11.9,29.6,30.2
Zack Weiss,LAA,RP,0,13.1,0,13.1,3.38,4.16,3.77,3.22,32.1,12.5,17.2,33,43.3
Kevin Ginkel,ARI,RP,0,29.1,0.5,29.1,3.38,2.74,3.61,3.44,24.2,8.9,11.7,31.3,26.8
Mychal Givens,- - -,RP,1,59.4,0.2,61.1,3.38,3.96,3.66,3.3,27.3,9.6,10.7,28.6,27.7
Jordan Holloway,MIA,RP,0,2.2,0,2.2,3.38,2.74,3.29,3.7,18.2,9.1,4.3,29.8,37.5
Cal Quantrill,CLE,SP,186.1,0,2.2,186.1,3.38,4.12,4.39,4.49,16.6,6.1,8.2,23.8,28.9
George Kirby,SEA,SP,130,0,3,130,3.39,2.99,3.33,3.32,24.5,4.1,9.7,25.9,31.4
Michael Fulmer,- - -,RP,0,63.2,0.7,63.2,3.39,3.57,4.45,4.01,22.1,10.1,12.1,27.5,27.5
Luis Garcia,SDP,RP,0,61,1.6,61,3.39,2.6,3.11,2.85,26.3,6.6,13.8,29.8,29.6
Dany Jimenez,OAK,RP,0,34.1,0.4,34.1,3.41,3.46,4.47,4.14,23.4,12.4,14.1,34.3,28
Alex Lange,DET,RP,0,63.1,0.7,63.1,3.41,3.25,3.23,3.09,30.3,11.4,19.1,34.4,28.1
Chris Bassitt,NYM,SP,181.2,0,2.7,181.2,3.42,3.66,3.72,3.75,22.4,6.6,10,29.2,25.2
Corey Knebel,PHI,RP,0,44.2,0,44.2,3.43,4.46,4.85,4.69,21.1,14.4,11.3,26.8,29.3
Matt Manning,DET,SP,63,0,1,63,3.43,3.78,4.37,4.45,18.3,7.2,9.4,24.7,32.3
Garrett Whitlock,BOS,RP,39,39.1,1.4,78.1,3.45,3.29,3.2,3.06,26.4,4.8,13.7,30.4,31.9
Ryan Pepiot,LAD,SP,31.1,5,-0.1,36.1,3.47,5.42,5.31,4.96,26.3,16.9,10.9,27.5,30.7
Matt Bush,- - -,RP,5.1,53.4,0.1,59.2,3.47,4.08,3.28,2.78,30.3,7.4,12.3,33.7,32.9
Drew Smyly,CHC,SP,106.1,0,1.3,106.1,3.47,4.23,4.18,4.06,20.4,5.8,12.4,27.5,32
Nick Martinez,SDP,RP,52.1,54,0.5,106.1,3.47,4.43,4.04,4.03,21.2,9.2,11.9,29.2,26.6
Carlos Estevez,COL,RP,0,57,0.4,57,3.47,4.08,4.27,3.88,23,9.8,9,21.3,33.1
Jordan Montgomery,- - -,SP,177.4,0,2.7,178.1,3.48,3.61,3.43,3.61,21.8,5,12.9,28.6,28
Bryan Baker,BAL,RP,3.2,66,1.4,69.2,3.49,2.74,3.56,3.35,26.1,8.9,10.6,28,29.6
Caleb Thielbar,MIN,RP,0,59.1,1.6,59.1,3.49,2.42,3.07,2.59,32.7,7.3,15,30.1,21.1
Taijuan Walker,NYM,SP,157.1,0,2.5,157.1,3.49,3.65,3.88,4.05,20.3,6.9,10,26.6,29.8
Joe Jimenez,DET,RP,0,56.2,1.4,56.2,3.49,2,2.7,2.3,33.3,5.6,14.5,30.5,25.5
Gerrit Cole,NYY,SP,200.2,0,3.3,200.2,3.5,3.47,2.77,2.77,32.4,6.3,14.3,31.9,31.5
Tyler Matzek,ATL,RP,0,43.2,-0.1,43.2,3.5,4.49,5.59,5.23,19.6,15.8,11.4,24.3,25.6
Marcus Stroman,CHC,SP,138.2,0,2,138.2,3.5,3.76,3.49,3.74,20.9,6.3,9.2,28,28.8
Kyle Finnegan,WSN,RP,0,66.2,0.6,66.2,3.51,3.76,3.22,3.16,26.1,8.2,12.6,28.7,33
Tarik Skubal,DET,SP,117.2,0,2.9,117.2,3.52,2.96,3.4,3.58,24.5,6.7,11.7,27.7,29.4
Roenis Elias,SEA,RP,0,7.2,0,7.2,3.52,4.42,4.65,4.25,18.2,9.1,8.8,23.7,33.3
Dereck Rodriguez,MIN,RP,0,7.2,-0.5,7.2,3.52,8.72,5.57,5.39,11.8,11.8,10.1,24.2,30.8
Bryan Garcia,DET,SP,20.1,0,-0.1,20.1,3.54,5.28,4.96,4.8,20.2,11.9,11,27.8,25.9
Michael Kopech,CHW,SP,119.1,0,1,119.1,3.54,4.5,4.83,4.73,21.3,11.5,9.9,27.2,28.9
Joe Ryan,MIN,SP,147,0,2.1,147,3.55,3.99,4.35,3.98,25,7.8,11.4,27.3,30.6
Richard Bleier,MIA,RP,1,49.2,0.5,50.2,3.55,3.27,3.76,3.74,14.4,4.5,9.2,25.1,27.9
Jharel Cotton,- - -,RP,0,43,-0.3,43,3.56,4.95,4.93,4.37,21.5,11,11.6,25.9,26.7
Tim Hill,SDP,RP,0,48,0.5,48,3.56,3.47,4.31,4.02,12.6,7,6.8,24,23.7
Tyler Rogers,SFG,RP,0,75.2,0.6,75.2,3.57,3.44,4.12,3.93,15.4,7.2,8.1,29,22
Freddy Peralta,MIL,SP,76.1,1.2,2,78,3.58,3.06,3.66,3.57,27.1,8.5,12.2,29.6,26.9
Braxton Garrett,MIA,SP,88,0,1.5,88,3.58,3.56,3.5,3.52,24.1,6.4,11.8,30.9,30.9
Jose Cuas,KCR,RP,0,37.2,-0.1,37.2,3.58,4.39,4.88,4.61,18.9,13.3,10.5,29,25.2
Nick Neidert,MIA,SP,5,0,0,5,3.6,4.51,3.69,4.07,15,0,7.3,25.6,29.4
Jhon Romero,MIN,RP,0,5,0.1,5,3.6,1.31,1.61,1.56,25,4.2,11.1,27.8,41.2
Simeon Woods Richardson,MIN,SP,5,0,0,5,3.6,5.71,4.89,5.49,15,10,9.9,19.8,46.7
Seth Lugo,NYM,RP,0,65,0.2,65,3.6,3.76,3.51,3.14,25.4,6.6,9.1,29.4,28
Domingo German,NYY,SP,70.2,1.2,0.7,72.1,3.61,4.44,4.33,4.22,19.5,6.4,11.3,28.5,28.6
Ryan Tepera,LAA,RP,0,57.1,0.1,57.1,3.61,4.21,4.25,4,20.3,8.6,13,26.2,23.9
Sammy Long,SFG,RP,12.1,30,-0.3,42.1,3.61,5.07,4.68,4.31,18.2,7.7,11.2,28.4,30.1
Beau Sulser,- - -,RP,0,21.4,0,22.1,3.63,4.5,4.35,4.08,19.2,9.1,8.9,22.5,31.4
Taylor Widener,ARI,RP,0,17.1,0,17.1,3.63,4.38,5.36,4.33,17.1,6.1,9.7,24.6,30
Diego Castillo,SEA,RP,0,54.1,0.3,54.1,3.64,3.68,3.85,3.67,23.9,9.9,12.1,27.8,20.7
Brandon Bielak,HOU,RP,0,12.1,-0.1,12.1,3.65,4.98,4.67,3.57,22.2,7.4,7.5,26.5,31.4
Ranger Suarez,PHI,SP,155.1,0,2.3,155.1,3.65,3.87,3.82,4.11,19.5,8.8,8.8,25.5,25.2
Nick Lodolo,CIN,SP,103.1,0,1.8,103.1,3.66,3.9,3.49,3.29,29.7,8.8,12.3,29.8,29.8
Zack Greinke,KCR,SP,137,0,1.9,137,3.68,4.03,4.54,4.84,12.5,4.6,7.3,25,30.3
Michael Plassmeyer,PHI,RP,0,7.1,0.1,7.1,3.68,3.39,2.62,2.78,24.1,3.4,15.2,33.3,28.6
Parker Mushinski,HOU,RP,0,7.1,0.1,7.1,3.68,2.57,3.58,3.29,26.7,10,18.9,32.4,16.7
Eric Lauer,MIL,SP,158.2,0,1.1,158.2,3.69,4.5,4.08,4.07,23.8,8.9,9.8,27.4,34.9
Jackson Stephens,ATL,RP,3,50.2,0.4,53.2,3.69,3.54,4.06,4.03,20,9.8,9.4,25.7,21.6
Oliver Ortega,LAA,RP,0,34,-0.2,34,3.71,4.76,3.94,4.03,22.3,12.2,11.1,24.2,33.3
Adam Wainwright,STL,SP,191.2,0,2.8,191.2,3.71,3.66,4.1,4.34,17.8,6.7,6.7,27.9,31.1
Devin Smeltzer,MIN,SP,62.2,7.2,-0.1,70.1,3.71,5.23,4.97,4.99,13.9,6.6,7.4,25.2,33.5
Robbie Ray,SEA,SP,189,0,1.8,189,3.71,4.17,3.58,3.5,27.4,8,13.5,26.5,33.2
Luis Garcia,HOU,SP,157.1,0,2.1,157.1,3.72,3.93,3.82,3.77,24.4,7.3,13,28.7,32
Hector Neris,HOU,RP,0,65.1,1.6,65.1,3.72,2.35,3.29,2.7,30,6.5,14.2,31.1,34.2
Chris Flexen,SEA,SP,121,16.2,0.7,137.2,3.73,4.49,5.04,4.99,16.1,8.6,9.6,22.5,30.8
Alex Cobb,SFG,SP,149.2,0,3.7,149.2,3.73,2.8,2.89,3.15,23.9,6.8,10.4,29.4,28.4
Hirokazu Sawamura,BOS,RP,0,50.2,0,50.2,3.73,4.16,4.51,4.56,18.1,12.2,11.1,25.4,37.7
Jarlin Garcia,SFG,RP,0,65,-0.1,65,3.74,4.27,4.25,3.78,20.7,6.7,11.1,27.9,30.3
Pablo Lopez,MIA,SP,180,0,2.8,180,3.75,3.71,3.56,3.71,23.6,7.2,12.7,28.1,27.5
Craig Kimbrel,LAD,RP,0,60,0.9,60,3.75,3.23,4.04,3.44,27.7,10.8,12.2,29.4,33.5
Keegan Thompson,CHC,SP,78.1,36.2,0.8,115,3.76,4.4,4.26,4.05,22.3,8.9,10,26.8,33.8
Hoby Milner,MIL,RP,0,64.2,0.7,64.2,3.76,3.16,3.37,3.08,23.5,5.5,9.5,30.8,25.8
Jesse Chavez,- - -,RP,1,67.4,0.7,69.1,3.76,3.39,3.32,3.19,25.3,6.8,9.8,30.6,31.5
Reid Detmers,LAA,SP,129,0,2.3,129,3.77,3.79,4.2,4.12,22.6,8.5,11.1,27,31.4
Brent Suter,MIL,RP,0,66.2,-0.2,66.2,3.78,4.4,4.18,3.96,19.5,8.1,11.9,27.7,26.8
Roansy Contreras,PIT,SP,87.1,7.2,0.9,95,3.79,4.38,4.48,4.41,21.1,9.6,12.7,29.8,34.9
Ryan Thompson,TBR,RP,0,42.2,0.4,42.2,3.8,3.42,3.55,3.33,21.5,6.1,10.2,30.3,27.1
Luis Perdomo,MIL,RP,0,23.2,-0.2,23.2,3.8,4.8,3.79,3.4,12.5,3.1,11.9,28.1,31.6
Justin Bruihl,LAD,RP,0,23.2,-0.3,23.2,3.8,5.35,5.16,4.69,13,6,10.9,23.2,20.5
Louie Varland,MIN,SP,26,0,0.2,26,3.81,4.3,4.13,4.14,19.8,5.7,8.5,26.3,37.2
Colin Holderman,- - -,RP,0,27.4,0.3,28.1,3.81,3.32,4.79,4.37,20.3,11.9,9.5,24.3,27.6
Jeff Hoffman,CIN,RP,1.2,43,0.2,44.2,3.83,4.3,5.06,4.32,22.8,11.7,10.5,25.8,34.1
Matt Strahm,BOS,RP,0,44.2,0.3,44.2,3.83,3.72,4.02,3.3,26.9,8.8,9.9,28.7,25.2
Buck Farmer,CIN,RP,0,47,1,47,3.83,3.03,3.86,3.71,27.1,12.6,12.7,28.5,26.9
David Peterson,NYM,SP,91,14.2,1.4,105.2,3.83,3.64,3.31,3.57,27.8,10.6,12.8,27.7,32.6
Aaron Loup,LAA,RP,0,58.2,0.4,58.2,3.84,3.76,4.11,3.79,20,8.5,11.3,27.4,33.1
Phil Maton,HOU,RP,0,65.2,-0.1,65.2,3.84,4.33,3.82,3.33,26,8.5,13.7,29.9,25
Kody Clemens,DET,RP,0,7,0,7,3.86,3.26,5.58,5.8,3,3,0,6.8,9.7
Joe Barlow,TEX,RP,0,35,-0.3,35,3.86,4.83,4.87,4.24,19.2,8.9,13,28.7,32.7
JP Sears,- - -,SP,52.2,17.1,0.5,70,3.86,4.21,4.57,4.53,17.7,8,8,27.2,34.9
Bailey Falter,PHI,SP,76.2,7.1,0.6,84,3.86,4.65,4.13,3.94,21.2,4.9,11,30.3,28.2
Justus Sheffield,SEA,RP,5,6.2,-0.1,11.2,3.86,4.83,4.85,4.9,13.7,11.8,6.1,22.3,32.4
Cody Poteet,MIA,RP,7.2,20.1,-0.1,28,3.86,4.65,4.11,4.22,18.4,9.6,14.1,27.5,31.7
Jandel Gustave,MIL,RP,0,28,0,28,3.86,4.43,4.06,3.69,22.5,9.2,6.9,26.2,36.3
Brennan Bernardino,SEA,RP,0,2.1,0,2.1,3.86,5.68,8.22,7.69,0,15.4,0,9.8,27.3
Cody Stashak,MIN,RP,0,16.1,0.4,16.1,3.86,2.07,3.63,3.24,23.1,0,14.1,30,30
Spencer Patton,TEX,RP,0,7,-0.1,7,3.86,5.68,5.31,4.46,17.2,10.3,9,25.2,31.6
Nathan Eovaldi,BOS,SP,109.1,0,1,109.1,3.87,4.3,3.46,3.55,22.4,4.3,12.4,28.4,38.4
Jason Foley,DET,RP,0,60.1,0.8,60.1,3.88,2.76,3.56,3.36,16.8,4.3,8.1,24.8,26.5
Konnor Pilkington,CLE,SP,51,7,0.3,58,3.88,4.49,4.86,4.93,19.4,12.4,11.3,23.8,31.6
Joey Krehbiel,BAL,RP,0,57.2,-0.3,57.2,3.9,4.67,4.34,4.04,18.4,7.4,9.5,25.8,27
Mitch Keller,PIT,SP,153,6,2.1,159,3.91,3.88,3.99,4.18,20.1,8.7,8.7,25.8,27.9
Jameson Taillon,NYY,SP,177.1,0,2.3,177.1,3.91,3.94,3.79,3.84,20.7,4.4,9.9,26.3,31.7
Garrett Cleavinger,- - -,RP,0,22.3,0.4,23,3.91,2.5,2.72,2.33,34.8,7.6,13,35.4,36.5
Blake Taylor,HOU,RP,0,16,-0.1,16,3.94,4.86,5.53,5.52,12,13.3,8.5,21,25.5
Noah Syndergaard,- - -,SP,132.2,2,2.2,134.2,3.94,3.83,4.28,4.39,16.8,5.5,9.1,26.3,28.5
Jose Urquidy,HOU,SP,162.1,2,1.1,164.1,3.94,4.6,4.32,4.18,19.7,5.6,10,25.8,30.7
Zack Kelly,BOS,RP,0,13.2,0,13.2,3.95,4.28,4.33,3.95,18.6,6.8,7.7,26.6,25
Michael Rucker,CHC,RP,0,54.2,0,54.2,3.95,4.28,4.09,3.81,21.8,8.7,11.1,25.6,32.1
Reiss Knehr,SDP,RP,3.2,10,0,13.2,3.95,4.36,5.35,4.46,16.9,6.8,5.8,21.5,41.5
Jon Gray,TEX,SP,127.1,0,1.8,127.1,3.96,3.8,3.46,3.56,25.7,7.5,11.6,29.3,31.3
Jose Suarez,LAA,SP,102.1,6.2,1.6,109,3.96,3.91,3.86,3.91,22.3,7.1,11.7,27,29.5
Will Smith,- - -,RP,0,59,-0.1,59,3.97,4.26,4.14,3.64,24.9,9.6,14.9,30.7,34.3
Carlos Carrasco,NYM,SP,152,0,2.4,152,3.97,3.53,3.45,3.6,23.6,6.4,13,27.1,31.8
Cole Irvin,OAK,SP,181,0,1.4,181,3.98,4.21,4.35,4.37,17.3,4.9,9.6,25.7,32.1
Jose Quijada,LAA,RP,0,40.2,0.5,40.2,3.98,3.85,4.14,3.41,30.8,12.4,14.9,28.2,24.5
Colin Poche,TBR,RP,0,58.2,-0.2,58.2,3.99,4.54,4.05,3.49,26.1,9,12.7,26.6,25.9
Mark Leiter Jr.,CHC,RP,14.1,53.1,0.3,67.2,3.99,4.29,3.62,3.36,25.9,8.9,11.9,30.1,29.9
Lance Lynn,CHW,SP,121.2,0,1.9,121.2,3.99,3.82,3.44,3.35,24.2,3.7,13.3,26.7,32.6
Will Vest,DET,RP,1.2,61.1,0.4,63,4,3.54,3.48,3.39,23.2,8.1,10.5,26.5,31.7
Dominic Leone,SFG,RP,0,49.1,0,49.1,4.01,4.04,4.11,3.91,23.4,10.8,18.5,28.6,34.2
Walker Buehler,LAD,SP,65,0,1,65,4.02,3.8,3.64,3.82,21.2,6.2,11.7,26.2,31
Kyle Crick,CHW,RP,0,15.2,0.1,15.2,4.02,3.18,4.12,4.16,28.8,16.7,10.4,31.5,29.4
Garrett Hill,DET,SP,42.2,17.2,-0.2,60.1,4.03,5.15,5.56,5.31,15.2,11,8,24.4,27.4
Chris Paddack,MIN,SP,22.1,0,0.9,22.1,4.03,1.72,3.18,3.41,21.5,2.2,10.4,27.2,24.3
John King,TEX,RP,0,51.1,0,51.1,4.03,4.09,3.66,3.4,13.5,6.3,8.8,25,31.1
Miguel Castro,NYY,RP,0,29,0.1,29,4.03,3.84,4.22,3.87,23.7,11.5,13,32.6,30
Daniel Castano,MIA,SP,31.2,4,0.1,35.2,4.04,4.74,4.37,4.68,12.8,5.8,7.1,23.1,21.6
Taylor Clarke,KCR,RP,0,49,0.7,49,4.04,3.3,3.64,3.16,23.6,3.9,12.2,23.1,30.1
Zach Eflin,PHI,SP,68,7.2,1.4,75.2,4.04,3.56,3.81,3.78,20.8,4.8,9.9,27.6,21.5
Austin Brice,PIT,RP,0,6.2,0.1,6.2,4.05,2.96,4.29,4.31,18.5,11.1,7.5,30.2,31.6
Miguel Sanchez,MIL,RP,0,13.1,-0.3,13.1,4.05,6.49,4.78,4.87,15.5,13.8,10.9,28,24.4
Frankie Montas,- - -,SP,143.4,0,2,144.1,4.05,3.78,3.61,3.74,23.4,7.1,12.6,25.6,28
Eduardo Rodriguez,DET,SP,91,0,0.6,91,4.05,4.43,4.41,4.56,18.4,8.7,7.5,23.8,29
Zach Davies,ARI,SP,134.1,0,0.5,134.1,4.09,4.83,4.57,4.71,17.9,9.1,8.5,26.7,30.2
Hanser Alberto,LAD,RP,0,11,-0.1,11,4.09,6.39,7.66,7.81,2.1,6.4,1.3,12.5,38.1
Jake Fishman,MIA,RP,0,11,0.1,11,4.09,2.84,4.19,3.71,12.5,0,6.4,25.1,23.1
Nick Vespi,BAL,RP,0,26.1,-0.1,26.1,4.1,4.48,3.3,3.2,25,7.1,15,31.6,33.3
Trent Thornton,TOR,RP,0,46,-0.1,46,4.11,4.66,4.48,4.2,19.6,9,8.6,28.6,39.6
Justin Grimm,OAK,RP,0,15.1,0,15.1,4.11,4.29,5.27,4.74,15.5,9.9,11.2,25.6,31.4
Caleb Smith,ARI,RP,1,69,-0.8,70,4.11,5.57,5.15,4.62,21.5,12.9,12.9,26.9,30.5
Derek Law,- - -,RP,0,19.2,-0.1,19.2,4.12,4.89,4.34,4.06,18.5,8.7,9.7,27.8,16.9
Jonathan Loaisiga,NYY,RP,0,48,0.4,48,4.13,3.57,3.78,3.76,18.2,9.4,11.8,26.8,23.1
Marco Gonzales,SEA,SP,183,0,0.1,183,4.13,5.05,4.9,4.99,13.2,6.4,8.4,23.5,26.5
Trevor Gott,MIL,RP,0,45.2,-0.1,45.2,4.14,4.45,3.82,3.34,23.7,6.5,10.5,28.3,25.2
Brett Martin,TEX,RP,1,49,0.3,50,4.14,3.63,3.81,3.87,18.9,8.5,11.5,27.2,35.1
Cristofer Ogando,TBR,RP,0,4.1,0,4.1,4.15,3.57,4.94,4.79,11.8,5.9,6.8,27,38.5
Evan Lee,WSN,RP,3.2,5,0,8.2,4.15,5.77,6.32,5.76,16.3,16.3,5.5,21.2,32.1
"Darren O'Day",ATL,RP,0,21.2,0,21.2,4.15,4.04,4.15,3.46,27.7,10.6,12.2,26,26.3
Matthew Festa,SEA,RP,0,54,-0.1,54,4.17,4.26,3.47,2.97,29.2,8.2,14,31,27.4
Lucas Gilbreath,COL,RP,0,43,0.6,43,4.19,3.53,4.06,3.95,26.2,13.9,11.7,28.1,32.4
Beau Brieske,DET,SP,81.2,0,0.1,81.2,4.19,4.97,4.78,4.83,15.9,7.4,8.2,22.1,34.4
Steve Cishek,WSN,RP,0,66.1,-0.3,66.1,4.21,4.85,4.16,3.45,25.8,9.4,10.2,29.6,29.5
Kenny Rosenberg,LAA,RP,4.2,6,0,10.2,4.22,4.52,5.52,5.4,17,12.8,9.3,23.8,15.2
Rowan Wick,CHC,RP,0,64,0,64,4.22,4.19,3.7,3.68,23.5,9.9,10.1,27.6,29.2
Austin Pruitt,OAK,RP,5,50.1,-0.3,55.1,4.23,4.87,4.18,3.88,17,4,11.5,27.2,25.6
James Kaprielian,OAK,SP,134,0,0.3,134,4.23,4.63,5.06,5.04,17,10.2,9.5,24.9,31.6
Adrian Morejon,SDP,RP,0,34,0.2,34,4.24,3.88,4.57,4.01,19.9,6.4,11.7,23.9,31.1
Michael Lorenzen,LAA,SP,97.2,0,1,97.2,4.24,4.31,4.2,4.43,20.7,10.7,11.2,25.5,27
Jack Flaherty,STL,SP,35,1,0,36,4.25,4.97,4.93,4.99,19.8,13.2,10.4,25.5,28
Tyler Wells,BAL,SP,103.2,0,0.9,103.2,4.25,4.52,4.6,4.53,18,6.6,11.3,26.5,27.8
Danny Young,- - -,RP,0,5.4,0,6.1,4.26,4.22,4.04,3.71,18.8,6.3,10.3,38.9,29.2
Chris Stratton,- - -,RP,2.1,60.3,0.7,63.1,4.26,3.32,4.04,3.84,21.5,9,11.5,27.5,31.3
Rich Hill,BOS,SP,124.1,0,1.8,124.1,4.27,3.92,4.12,4.13,20.7,7,9.2,29.4,26.9
Anibal Sanchez,WSN,SP,69.1,0,-0.2,69.1,4.28,5.77,5.27,5.26,16.4,11.3,7.9,22.6,34.8
Paul Blackburn,OAK,SP,111.1,0,0.8,111.1,4.28,4.21,3.89,4.09,19.1,6.4,9.6,27.4,30.6
Reyes Moronta,- - -,RP,0,37.2,0.1,37.2,4.3,4.41,4.81,4.11,23.6,11.2,11.5,28.5,28.2
Zach Plesac,CLE,SP,130.2,1,0.9,131.2,4.31,4.45,4.39,4.46,17.6,6.7,10.2,24.2,30.6
Tanner Scott,MIA,RP,0,62.2,0.4,62.2,4.31,3.67,3.53,3.74,31.1,15.9,15.5,31.3,28.2
Matt Barnes,BOS,RP,0,39.2,0.1,39.2,4.31,3.87,4.97,4.53,19.3,11.9,11.3,28.7,33.1
Tommy Nance,MIA,RP,5,38.2,0.2,43.2,4.33,3.71,3.37,3.24,29.1,10.7,12.3,30.4,27.2
Mike Clevinger,SDP,SP,112.1,2,0.4,114.1,4.33,4.98,4.76,4.49,18.8,7.2,10.6,26.3,29.2
Corey Kluber,TBR,SP,164,0,3,164,4.34,3.57,3.92,3.85,20.2,3,11.4,29.7,26.6
Austin Voth,- - -,SP,76.1,24.4,1,101.2,4.34,4.14,4.33,4.16,20.4,7,10.9,26.4,28.4
Charlie Morton,ATL,SP,172,0,1.5,172,4.34,4.26,3.6,3.48,28.2,8.7,12.2,30.6,30.3
Anthony Misiewicz,- - -,RP,0,28.3,0,29,4.34,4.08,4.22,3.78,22.3,8.3,10.5,26.9,34.5
Shawn Armstrong,- - -,RP,7.2,53.3,0.5,61.2,4.38,3.47,3.46,3.18,24.5,6.3,12.5,28.2,24.7
Wil Crowe,PIT,RP,2,74,-0.1,76,4.38,4.31,4.29,4.19,20.5,11.4,12,27.1,23.8
Manny Banuelos,- - -,RP,0,40.3,0.3,41,4.39,3.45,3.98,3.82,24,12,11.6,26.6,30.3
Duane Underwood Jr.,PIT,RP,1,56.1,0.9,57.1,4.4,2.92,3.91,3.74,22,9.7,12.6,26.7,25.6
Sean Poppen,ARI,RP,0,28.2,-0.4,28.2,4.4,5.21,4.9,4.52,18.3,10,6.4,27.3,32.9
Matt Foster,CHW,RP,0,45,0.2,45,4.4,4.11,4.39,3.99,21.8,8.8,9.6,23.4,26.1
Tyler Mahle,- - -,SP,120.2,0,2.1,120.2,4.4,3.87,4.03,3.88,25,8.5,11,28.4,29.2
Jake Odorizzi,- - -,SP,106.1,0,1.3,106.1,4.4,4.28,4.7,4.59,19,7.7,10.2,23.6,24.3
Phillips Valdez,BOS,RP,0,16.1,0,16.1,4.41,3.91,5.09,4.06,18.1,9.7,7.7,28.6,21.7
Mauricio Llovera,SFG,RP,1,15.1,0.1,16.1,4.41,3.72,3.58,3.45,27.8,11.1,13.1,29.7,22.7
Rony Garcia,DET,SP,37,14,0.2,51,4.41,4.52,4.15,3.79,23.3,6.3,8.2,23.3,34.8
Ronald Bolanos,KCR,RP,0,18.1,-0.2,18.1,4.42,5.68,5.71,5.29,13.8,13.8,9.3,24.7,31.7
Jakob Junis,SFG,SP,84,28,1.3,112,4.42,3.65,3.67,3.78,20.5,5.2,9.4,29.7,27.1
Jordan Lyles,BAL,SP,179,0,1.4,179,4.42,4.4,4.39,4.36,18.6,6.7,9.3,26.4,30.4
Craig Stammen,SDP,RP,3,37.2,-0.4,40.2,4.43,5.15,3.7,3.5,19.8,5.6,10.8,28.2,30.2
Emilio Pagan,MIN,RP,0,63,-0.1,63,4.43,4.21,3.26,2.95,30.7,9.5,14,28.2,28.8
Hunter Greene,CIN,SP,125.2,0,1.6,125.2,4.44,4.37,3.64,3.33,30.9,9,14.5,29.2,32.4
Matt Brash,SEA,RP,20,30.2,0.6,50.2,4.44,3.51,3.7,4,27.9,14.9,12.6,32.3,27.2
Ross Detwiler,CIN,RP,0,26.1,-0.1,26.1,4.44,4.94,3.93,3.6,23,8.2,8.9,26.8,32.1
Aaron Ashby,MIL,SP,88,19.1,0.9,107.1,4.44,4.06,3.29,3.48,26.5,9.9,12.4,32.5,27.4
Dakota Hudson,STL,SP,136.2,3,1,139.2,4.45,4.34,4.82,5.11,13.1,10.2,7.2,23,29.5
Aroldis Chapman,NYY,RP,0,36.1,-0.2,36.1,4.46,4.57,4.77,4.53,26.9,17.5,12.7,30.9,26.4
Dane Dunning,TEX,SP,153.1,0,0.9,153.1,4.46,4.45,4.03,4.17,20.4,9.2,10,27.8,33.3
Joely Rodriguez,NYM,RP,0,50.1,0.4,50.1,4.47,3.23,3.46,3.54,26.4,12,11.3,31.8,19.7
Harold Castro,DET,RP,0,4,0,4,4.5,4.11,6.7,6.06,5.6,5.6,2,20,46.7
Luis Torrens,SEA,RP,0,2,-0.1,2,4.5,9.61,7.55,7.05,0,0,5.9,14.7,50
Gerardo Reyes,LAA,RP,0,2,-0.1,2,4.5,14.11,12.05,11,0,25,10.6,31.9,22.2
Pedro Avila,SDP,RP,0,4,0,4,4.5,5.36,3.22,2.57,27.8,5.6,14.3,30,45.5
Dustin May,LAD,SP,30,0,0.3,30,4.5,4.38,4.21,4.21,22.8,11,12.9,28.7,22.8
Matthew Batten,SDP,RP,0,2,-0.1,2,4.5,8.61,6.55,8.13,12.5,0,11.5,26.9,14.3
Anthony Kay,TOR,RP,0,2,0,2,4.5,3.11,3.85,3.08,30,10,12.8,30.8,60
MacKenzie Gore,SDP,SP,65.1,4.2,0.8,70,4.5,4.11,4.42,4.43,23.3,12,10.4,26.4,34.2
Ryan Yarbrough,TBR,SP,40.1,39.2,0,80,4.5,4.77,4.75,4.32,17.2,6.2,10,26,26.4
Rico Garcia,BAL,RP,0,8,-0.1,8,4.5,6.99,6.88,6.59,5.7,8.6,5.9,19.9,20
Luis Ortiz,PIT,SP,16,0,0.3,16,4.5,3.67,4.44,4.65,24.6,14.5,13.1,31.6,23.8
Victor Arano,WSN,RP,0,42,0.3,42,4.5,3.71,3.46,3.14,23.5,6.4,14,28.3,25.2
Ian Gibaut,- - -,RP,0,35.3,0.6,36,4.5,3.11,3.51,3.24,30,11.3,10.5,29,32.3
Lou Trivino,- - -,RP,0,53.2,0.2,53.2,4.53,3.63,3.34,3.19,26.8,9.6,12.3,27.6,31
Drew Hutchison,DET,SP,89.2,15.2,0.1,105.1,4.53,4.93,4.93,5.07,14.7,9.1,8.7,23.6,34.1
Kyle Freeland,COL,SP,174.2,0,2.6,174.2,4.53,4.21,4.48,4.51,17.1,6.9,9.3,24.9,36.6
Kirk McCarty,CLE,RP,9,28.2,-0.8,37.2,4.54,6.64,4.85,4.57,16.4,8.2,10.1,26.5,28.6
Chris Archer,MIN,SP,102.2,0,0.5,102.2,4.56,4.49,4.57,4.76,19.2,11,9.5,25.6,37.2
Nick Pivetta,BOS,SP,179.2,0,1.5,179.2,4.56,4.42,4.26,4.21,22.6,9.4,10,26.7,34.2
Luis Cessa,CIN,SP,44,36.2,0,80.2,4.57,5.02,4.29,4.35,17.6,8.3,9.3,26.5,29.6
Dillon Peters,PIT,RP,9,30.1,-0.1,39.1,4.58,4.74,4.89,4.85,15.8,10.3,7.9,24.6,28.7
Yohan Ramirez,- - -,RP,0,37.1,-0.2,37.1,4.58,4.88,4.72,4.41,19.2,12,8.7,27.7,28.4
Adam Kolarek,OAK,RP,0,17.2,-0.1,17.2,4.58,4.7,4.72,4.04,11.4,10.1,4.7,21.4,25.4
Jose Ruiz,CHW,RP,0,60.2,-0.1,60.2,4.6,4.43,4.14,3.87,25.7,12.5,12,26.7,31.7
Michael Grove,LAD,SP,28.1,1,0,29.1,4.6,5.16,4.77,4.56,18,7.5,10.2,25,40.4
Wyatt Mills,- - -,RP,0,28.4,0.2,29.1,4.6,3.62,4.64,4.15,20.3,10.2,12.1,27.4,31
Joe Smith,MIN,RP,0,27.1,-0.9,27.1,4.61,6.3,4.37,4.12,13.9,7.4,6.4,22.9,27.4
Touki Toussaint,LAA,RP,7.2,17.2,0,25.1,4.62,4.81,4.78,4.85,24.1,17.6,11.4,26.2,32.2
Genesis Cabrera,STL,RP,0,44.2,-0.8,44.2,4.63,5.62,4.88,4.61,16.5,10.3,9.9,25.5,25.4
Glenn Otto,TEX,SP,135.2,0,0,135.2,4.64,5.21,4.82,4.83,18.2,10.6,9.7,25.5,32.9
Collin Wiles,OAK,RP,0,9.2,0,9.2,4.66,3.53,3.1,2.87,22,4.9,11,27.9,24.1
Mark Melancon,ARI,RP,0,56,0.1,56,4.66,4.2,4.63,4.62,14.2,8.5,9.8,25.1,33.7
Erich Uelmen,CHC,RP,0,27,-0.2,27,4.67,5,5.2,4.45,17.2,9.8,10.6,27.2,25.3
JT Brubaker,PIT,SP,144,0,1.9,144,4.69,3.92,3.87,3.97,22.8,8.4,11.8,29.6,33.3
Robert Gsellman,CHC,RP,0,15.1,0,15.1,4.7,4.22,4.26,4.28,14.1,4.7,10.6,23.7,38.5
Spenser Watkins,BAL,SP,95,10.1,0.9,105.1,4.7,4.24,4.68,4.86,13.7,6.5,8.3,25.5,31.2
Josh Winder,MIN,SP,53,14,0.1,67,4.7,4.87,4.9,4.63,16.4,6.3,9.7,25.9,27.6
Brayan Bello,BOS,SP,52.1,5,1.3,57.1,4.71,2.94,3.8,4.07,20.5,10.1,11.7,27.7,27.7
Anthony Gose,CLE,RP,0,21,-0.2,21,4.71,5.06,4.35,3.84,30.4,15.2,14.9,30.1,38.8
Mike Baumann,BAL,SP,18.1,16,0.3,34.1,4.72,3.87,4.29,4.22,15.4,6,6.6,19.5,34.8
Phil Bickford,LAD,RP,0,61,0.1,61,4.72,4.26,3.57,2.96,27.1,5.7,11.2,28.6,28
Adrian Houser,MIL,SP,100.2,2,1,102.2,4.73,4.21,4.64,5.03,15.2,10.3,6.4,23.4,37.7
Taylor Rogers,- - -,RP,0,64.1,1,64.1,4.76,3.31,3.26,2.64,30.7,6.9,12.4,34.8,35
Vince Velasquez,CHW,SP,39.1,36,0.4,75.1,4.78,4.25,4.48,4.06,21.6,7.8,11.8,28,36.8
Packy Naughton,STL,RP,7,25,0.4,32,4.78,3.14,3.36,3.26,22,5,11.6,27.6,25.5
Jeremy Beasley,TOR,RP,0,15,-0.1,15,4.8,5.45,3.95,3.01,29.7,7.8,13.3,26.6,34.2
Trevor Megill,MIN,RP,0,45,0.4,45,4.8,3.29,3.52,3.38,25,8.7,11.5,27,32.6
Kyle Hendricks,CHC,SP,84.1,0,0.4,84.1,4.8,4.82,4.46,4.43,18.5,6.7,10.3,28.3,31.7
Tyler Alexander,DET,SP,80,21,-0.1,101,4.81,4.99,4.77,4.83,14.3,5.9,7.6,23.4,35.3
Archie Bradley,LAA,RP,0,18.2,0.2,18.2,4.82,3.33,3.82,3.75,19.2,9,8.2,26.2,32.1
Davis Martin,CHW,SP,44.1,19,0.6,63.1,4.83,4.28,4.42,4.4,17.8,7.1,11.4,26.1,33.3
Corbin Martin,ARI,RP,8,14.1,-0.1,22.1,4.84,4.59,4.7,4.59,20.8,11.9,10.7,24.9,48.5
Jordan Hicks,STL,RP,26.1,35,0.3,61.1,4.84,4.17,4.03,4.06,24,13.3,9.6,27.2,25.3
Paolo Espino,WSN,SP,83.2,29.2,-0.1,113.1,4.84,4.93,4.14,4.05,18.9,4.9,9.1,28.5,35.8
Nick Nelson,PHI,RP,4,64.2,1,68.2,4.85,3.04,4.47,4.16,22.5,11.8,12.1,25.7,21.3
Madison Bumgarner,ARI,SP,158.2,0,0.5,158.2,4.88,4.85,4.83,4.76,16,7,7.7,23.9,38.4
Dylan Bundy,MIN,SP,140,0,0.7,140,4.89,4.66,4.7,4.65,15.8,4.7,9.7,26.7,32.1
Graham Ashcraft,CIN,SP,105,0,1.3,105,4.89,4.21,4.09,4.22,15.3,6.5,8.4,23.5,29.3
Kyle Bradish,BAL,SP,117.2,0,0.7,117.2,4.9,4.46,4.01,4.15,21.8,9,10,25.9,32.3
Lucas Giolito,CHW,SP,161.2,0,1.8,161.2,4.9,4.06,3.66,3.79,25.4,8.7,12.2,29.1,28.5
Hunter Strickland,CIN,RP,0,62.1,0,62.1,4.91,4.78,4.96,4.34,21.1,11.6,11.1,26.2,31.5
Tyler Duffey,MIN,RP,0,44,-0.5,44,4.91,4.79,3.57,3.66,21.1,8.1,11.1,26.7,30.8
Jake Bird,COL,RP,0,47.2,-0.3,47.2,4.91,4.96,4.11,3.97,19.9,10.9,8.1,26.7,39.4
Alex Wells,BAL,RP,0,3.2,-0.1,3.2,4.91,6.93,1.86,1.43,37.5,0,13.6,31.8,40
Yerry De Los Santos,PIT,RP,0,25.2,0.1,25.2,4.91,4.01,3.93,3.67,23.2,9.8,8.9,26.9,27.4
Gregory Santos,SFG,RP,0,3.2,0,3.2,4.91,4.48,5.28,5.25,11.8,17.6,9,23.9,16.7
Sam Selman,OAK,RP,0,18.1,-0.2,18.1,4.91,4.97,4.23,3.51,24,6.7,10.5,28.5,29.4
Justin Topa,MIL,RP,0,7.1,0,7.1,4.91,3.66,4.26,4.12,11.4,11.4,4.8,24.8,33.3
Aaron Civale,CLE,SP,97,0,1.3,97,4.92,3.87,3.62,3.55,24.1,5.4,10.4,27.6,31.4
Ken Waldichuk,OAK,SP,34.2,0,0.3,34.2,4.93,4.3,4.26,3.95,22.6,6.8,11.6,25.1,33.3
Cole Ragans,TEX,SP,40,0,0.2,40,4.95,4.91,4.85,5.07,15.5,9.2,10.9,22.2,35.9
German Marquez,COL,SP,181.2,0,1.4,181.2,4.95,4.71,4.02,4.27,19.3,8.1,10.1,25.7,36.1
Sean Manaea,SDP,SP,153,5,1.1,158,4.96,4.53,3.96,3.9,23.2,7.5,12,27.4,32.7
JoJo Romero,- - -,RP,0,16.1,-0.2,16.1,4.96,5.26,3.68,3.99,25.4,14.9,13.7,31,25
Amir Garrett,KCR,RP,0,45.1,0.5,45.1,4.96,3.4,4.77,4.53,25,16.3,10.4,27.7,28.2
Jake Diekman,- - -,RP,0,57.2,-0.6,57.2,4.99,5,4.33,3.93,29.4,15.6,13.1,30.4,27.1
Ian Anderson,ATL,SP,111.2,0,0.9,111.2,5,4.25,4.22,4.58,19.7,11,12.3,25.7,28.7
Shane Baz,TBR,SP,27,0,0.1,27,5,4.41,3.43,3.59,25.6,7.7,13.3,29.3,42.9
Javy Guerra,- - -,RP,0,18,-0.3,18,5,6.17,6.14,5.75,12.2,13.4,5.5,22.7,30
James Naile,STL,RP,0,9,-0.1,9,5,5.56,4.15,4.15,13.5,5.4,10.3,25.4,30
Jose Urena,- - -,SP,89.1,7.2,0.8,97,5.01,4.65,4.61,4.95,14.6,10,8.4,22.6,32.6
Pierce Johnson,SDP,RP,0,14.1,0.3,14.1,5.02,2.76,2.79,2.99,32.8,12.5,10,30,31.4
Josiah Gray,WSN,SP,148.2,0,-0.6,148.2,5.02,5.86,4.57,4.27,23.7,10.2,11.4,27.9,29.8
Matt Swarmer,CHC,SP,24.2,9.1,-0.8,34,5.03,7.35,4.68,4.52,23.5,13.1,13.4,27.5,47.4
Trevor May,NYM,RP,0,25,0.1,25,5.04,3.87,3.75,3.29,27,8.1,13.3,30.5,30.6
Kyle Gibson,PHI,SP,167.2,0,1.8,167.2,5.05,4.28,3.94,4.06,20.1,6.7,11,26.2,27.7
Antonio Senzatela,COL,SP,92.1,0,1.4,92.1,5.07,4.05,4.07,4.48,13.1,5.6,7,21.9,33.3
Zack Littell,SFG,RP,0,44.1,-0.3,44.1,5.08,4.65,4.14,3.75,20.5,6.8,12.8,26.1,25.5
Brad Keller,KCR,SP,122.1,17.1,0.7,139.2,5.09,4.5,4.35,4.57,16.5,9.2,9.8,23.4,29.6
Alex Wood,SFG,SP,130.2,0,1.7,130.2,5.1,3.76,3.41,3.45,23.6,5.4,11,28.9,26.4
Daniel Lynch,KCR,SP,131.2,0,0.7,131.2,5.13,4.63,4.3,4.34,20.3,8.7,11.3,24.8,38
Josh Rogers,WSN,SP,14,12.1,-0.3,26.1,5.13,6.42,5.93,5.82,10.6,9.7,6,21.2,30
Taylor Hearn,TEX,SP,59,41,0.9,100,5.13,3.98,4.2,4.18,21.6,9.6,9.8,25.9,31.7
Tyler Danish,BOS,RP,0,40.1,-0.4,40.1,5.13,4.97,4.11,3.83,18.5,6.9,7.4,26.4,31.2
Tylor Megill,NYM,SP,41.1,6,0.6,47.1,5.13,3.77,3.35,3.45,25.5,6.5,11.6,26.7,25.9
Tyler Beede,- - -,RP,15,45.4,-0.2,61.1,5.14,4.99,5.12,4.94,13.7,10.2,8.6,24.7,31.1
Jackson Tetreault,WSN,SP,21,0,-0.1,21,5.14,6.16,5.8,6.03,9.4,10.4,7.7,22.2,40.3
Kirby Yates,ATL,RP,0,7,-0.2,7,5.14,7.26,6.5,5.46,18.2,15.2,12.4,27.7,31.8
Daniel Mengden,KCR,RP,2.2,4.1,0.1,7,5.14,3.11,2.95,2.99,25,3.1,9.2,30.3,34.8
Zach Thompson,PIT,SP,102.1,19.1,0.2,121.2,5.18,4.87,4.44,4.62,16.6,8.5,10.5,26.3,32.2
Yusei Kikuchi,TOR,SP,82.1,18.1,-0.7,100.2,5.19,5.62,4.07,4.02,27.3,12.8,13.3,27.6,41.1
Daniel Norris,- - -,RP,10.3,47.2,-0.4,58.2,5.22,5.14,3.99,3.69,26.4,11.6,13.2,30.9,36.5
Dennis Santana,TEX,RP,2,56.2,0.7,58.2,5.22,3.35,4.19,4.06,21.2,11,11.4,28.9,27.8
Jordan Weems,WSN,RP,0,39.2,0.1,39.2,5.22,4.25,3.97,3.44,24.7,7.2,12.3,24.5,35.4
Josh Hader,- - -,RP,0,50,0.8,50,5.22,3.45,2.94,2.38,37,9.6,16,31.9,30.1
Noe Ramirez,ARI,RP,0,50,-0.6,50,5.22,5.15,4.44,4.07,23.7,12.1,11.9,29.4,37.8
Jose Berrios,TOR,SP,172,0,1.1,172,5.23,4.55,4.21,4.13,19.8,6,9.3,27.7,30.8
Tyler Gilbert,ARI,SP,31.1,3,-0.3,34.1,5.24,5.94,5.15,5.15,13.7,6.8,8.3,25,36
Cory Abbott,WSN,SP,39,9,-0.5,48,5.25,6.36,5.7,4.98,20.8,11.6,11.8,25.2,31.2
Steven Matz,STL,SP,42.2,5.1,0.7,48,5.25,3.78,3.15,3.22,26.1,4.8,12.1,30.4,25.5
Garrett Richards,TEX,RP,3,39.2,0.3,42.2,5.27,3.46,3.94,3.66,19.5,7,12.1,26.7,35.3
J.B. Wendelken,ARI,RP,0,29,-0.3,29,5.28,5.01,4.54,4.63,17.2,11.5,9.2,23,33.7
Jon Heasley,KCR,SP,104,0,-0.5,104,5.28,5.67,5.49,5.3,15.1,10.1,7.7,22.5,32.7
Jose Alvarez,SFG,RP,0,15.1,-0.4,15.1,5.28,5.85,4.85,4.41,19.7,11.8,9.5,25.6,26.5
Cole Sulser,MIA,RP,0,34,-0.2,34,5.29,4.58,3.73,3.65,25.5,10.7,13.4,28.6,42.1
Keynan Middleton,ARI,RP,0,17,-0.3,17,5.29,5.88,4.23,3.68,21.7,4.3,17.4,33.2,38
Trevor Richards,TOR,RP,4.1,59.2,0.2,64,5.34,4.07,4,3.56,29.2,12.5,14.9,28.9,30.7
Tommy Henry,ARI,SP,47,0,-0.4,47,5.36,5.88,4.97,4.93,17.6,10.2,10.7,25.4,37.9
Ian Kennedy,ARI,RP,0,50.1,-0.9,50.1,5.36,5.58,5.06,4.57,19,9.5,8.5,23.6,40.2
Casey Mize,DET,SP,10,0,0.1,10,5.4,4.21,5.58,5.58,8.9,4.4,5.3,21.9,30.8
Tommy Milone,SEA,RP,0,16.2,-0.3,16.2,5.4,6.89,6.53,6.32,7.2,8.7,6.3,23.1,38.6
Luke Farrell,- - -,RP,6.1,8.2,0,15,5.4,5.25,4.62,4.45,20,10,6.3,26.3,44.9
Anderson Espinoza,CHC,RP,0,18.1,-0.5,18.1,5.4,7.15,5.6,5.23,22.4,18.8,8.8,23.2,30.4
Jason Alexander,MIL,SP,56,15.2,-0.3,71.2,5.4,5.34,4.53,4.72,14.3,8.7,7.1,25.9,34.6
Bryan Shaw,CLE,RP,4.1,54,-0.4,58.1,5.4,4.88,4.34,4.08,19.9,10,9.6,24.4,31.3
Ryan Hendrix,CIN,RP,0,8.1,0,8.1,5.4,3.83,5.08,4.51,23.7,15.8,14.7,31.5,33.3
Sean Reid-Foley,NYM,RP,0,10,-0.1,10,5.4,5.21,5.98,5.36,18.2,15.9,14.3,29.1,32.1
Matt Peacock,- - -,RP,0,9.3,0,10,5.4,4.41,4,4.02,13,8.7,10.7,26.8,27.8
Dauri Moreta,CIN,RP,0.1,38,-0.4,38.1,5.4,5.8,4.38,3.6,24.4,8.1,11.1,28.9,33.7
Nicholas Padilla,CHC,RP,0,1.2,0,1.2,5.4,5.51,7.29,7.38,11.1,22.2,2.6,23.1,33.3
Robert Stephenson,- - -,RP,0,57.3,0.2,58,5.43,4.23,4.11,3.64,22.3,5.7,14.1,29.1,40.7
Yunior Marte,SFG,RP,0,48,-0.1,48,5.44,4.38,4.32,4.01,20.6,10.3,11,26.3,20.4
Mitch White,- - -,SP,79.2,19.1,1.3,99,5.45,3.87,4.42,4.47,17.7,8,8.4,23.9,30.9
Trevor Rogers,MIA,SP,107,0,0.8,107,5.47,4.36,4.11,4.2,22.2,9.4,10.8,26,29
Kutter Crawford,BOS,SP,61.1,16,0.5,77.1,5.47,4.34,4.33,4.11,23.1,8.7,11.3,27.5,37.6
Calvin Faucher,TBR,RP,0,21.1,-0.3,21.1,5.48,5.13,4.36,4.07,20.8,9.9,10.2,28.2,39.1
Tony Santillan,CIN,RP,0,19.2,0.2,19.2,5.49,4.08,5.15,4.38,21.9,12.5,11,28.2,33.9
Bryse Wilson,PIT,SP,93.1,22.1,-0.1,115.2,5.52,5.06,4.54,4.53,15.5,6.3,7.7,24.5,39.2
Alex Faedo,DET,SP,53.2,0,0.3,53.2,5.53,4.62,5.02,4.98,18,10.2,9.9,26.1,35.1
Austin Gomber,COL,SP,87.2,37,0.9,124.2,5.56,4.54,4.19,4.24,18,6.4,9.8,25.1,33.4
Greg Weissert,NYY,RP,0,11.1,0,11.1,5.56,4.17,4.72,3.94,22.9,10.4,7.5,27.4,30
Kris Bubic,KCR,SP,128,1,0.5,129,5.58,4.78,4.51,4.77,18.7,10.7,8.9,24.9,33.4
Juan Minaya,MIN,RP,0,9.2,0.1,9.2,5.59,3.32,4.54,3.71,24.4,11.1,12.6,29.9,23.1
Cristopher Sanchez,PHI,RP,13.1,26.2,0,40,5.63,4.56,4.2,4.01,19.8,9.6,8,26,30.6
Austin Warren,LAA,RP,0,16,-0.2,16,5.63,5.36,5.15,4.87,12.9,7.1,7.9,22.6,33.9
Jacob Barnes,- - -,RP,0,21.4,-0.3,22.1,5.64,5.26,5.04,4.83,12.4,9.3,8.9,22.2,28.4
Eric Stout,- - -,RP,0,21.4,0,22.1,5.64,4.59,5.48,4.58,22.7,14.5,9.3,28.9,37.9
Drew Steckenrider,SEA,RP,0,14.1,0,14.1,5.65,4.58,4.62,4.56,14.7,7.4,10.1,21.3,35.8
Hyun-Jin Ryu,TOR,SP,27,0,0.1,27,5.67,4.78,4.24,4.46,14.2,3.5,7.6,25.1,37.6
Humberto Castellanos,ARI,SP,41.1,3,0.1,44.1,5.68,4.8,4.69,4.61,16.5,6.2,7.9,25.8,31
Luis Gonzalez,SFG,RP,0,6.1,0,6.1,5.68,3.59,5.22,5.31,0,3.3,0,18.6,24.1
Mike Mayers,LAA,RP,14.2,36,-0.9,50.2,5.68,6.37,4.62,4.12,20.2,8.1,11.5,25.7,34.2
Kodi Whitley,STL,RP,0,12.2,-0.2,12.2,5.68,5.88,5.46,4.91,20.3,15.3,11.8,27.2,33.3
Ryan Borucki,- - -,RP,0,25.1,-0.6,25.1,5.68,6.07,4.45,4.19,18.9,9.9,12,26.3,33.8
Justin Lawrence,COL,RP,0,42.2,0.6,42.2,5.7,3.39,3.59,3.63,25.1,11.5,9.7,29.2,29.2
Chad Kuhl,COL,SP,137,0,0.5,137,5.72,5.26,4.78,4.8,17.8,9.4,9.9,25.9,38.1
Daulton Jefferies,OAK,SP,39.1,0,0.5,39.1,5.72,3.77,4.33,4.31,16.3,4.7,9.7,25.4,29.1
Jared Koenig,OAK,SP,25.1,14,-0.2,39.1,5.72,4.84,5.18,5.02,12.4,8.5,6.4,23.6,36.3
Dusten Knight,TBR,RP,0,11,-0.3,11,5.73,7.29,4.59,4.21,18.4,8.2,10.9,27.1,30.6
Yoan Lopez,NYM,RP,0,11,-0.1,11,5.73,5.29,5.22,4.31,19.6,9.8,11.8,26.7,34.3
Alex Colome,COL,RP,0,47,-0.1,47,5.74,4.54,4.54,4.46,14.9,10.2,8.6,22.2,40
Sean Hjelle,SFG,RP,0,25,0.1,25,5.76,3.51,2.72,2.72,24.3,7,8.2,28.5,32.1
Ryan Brasier,BOS,RP,0,62.1,0.5,62.1,5.78,3.61,3.49,3.12,24.3,4.9,12.8,28,35.1
Xzavion Curry,CLE,SP,9.1,0,-0.1,9.1,5.79,6.11,6.94,6.91,6.4,12.8,9.1,24.8,21.6
Michael Pineda,DET,SP,46.2,0,-0.4,46.2,5.79,6.13,4.8,4.84,13,4,7.7,23.7,34.3
Austin Davis,- - -,RP,6.1,49.2,0.2,56,5.79,4.02,4.66,4.13,24.2,12.5,11,27.2,22.8
Erick Fedde,WSN,SP,127,0,0.4,127,5.81,5.15,4.74,5,16.4,10.1,7.3,24.5,29
Edwin Uceta,ARI,RP,0,17,0,17,5.82,4.52,4.91,4.44,17.8,9.6,11,24.7,28.8
Ryan Feltner,COL,SP,94,3.1,0.6,97.1,5.83,4.76,4.43,4.38,19.6,8.2,8.8,25.5,35.6
Hansel Robles,BOS,RP,0,24.2,-0.7,24.2,5.84,5.75,4.85,4.7,18.9,12.6,9.5,24.2,39.5
Kirby Snead,OAK,RP,0,44.2,-0.3,44.2,5.84,4.61,5.11,4.67,16.7,10.5,8.2,27.3,28.5
Chi Chi Gonzalez,- - -,SP,19.2,3.1,-0.1,23,5.87,5.55,4.65,4.75,15.2,7.1,6.6,26.6,35.1
Cole Sands,MIN,RP,12.1,18.1,-0.1,30.2,5.87,4.74,5.03,4.29,19.3,9,9.8,25.5,32.3
Logan Allen,- - -,RP,0,7.2,0.1,7.2,5.87,3.63,5.57,4.82,17.5,12.5,9.1,26.8,33.3
Josh Winckowski,BOS,SP,67.1,3,0,70.1,5.89,4.95,4.61,4.82,13.9,8.5,7,25.5,30.5
Ty Blach,COL,RP,3,41.1,0.3,44.1,5.89,3.86,4.59,4.3,15,5.7,8.9,28,32.5
Nick Wittgren,STL,RP,0,29,0.1,29,5.9,3.84,5.12,4.73,12.7,7.5,7.1,23.9,27.2
DL Hall,BAL,RP,3.2,10,0.4,13.2,5.93,1.65,2.84,3.03,29.7,9.4,13.4,30.9,23.1
Max Castillo,- - -,SP,25.3,13.1,-0.1,39.1,5.95,5.17,4.07,4.01,21.8,8.8,9.6,25,31.9
Matthew Liberatore,STL,SP,29.2,5,0,34.2,5.97,5.02,4.93,5,17.4,11.2,8.2,23.8,36
Bruce Zimmermann,BAL,SP,66.2,7,-0.8,73.2,5.99,6.06,4.42,4.43,15.3,3.8,8.9,25.1,31.1
Shane Greene,- - -,RP,0,3,-0.1,3,6,7.11,5.74,5.69,15.4,7.7,8,20,10
Ryan Burr,CHW,RP,0,9,-0.3,9,6,7.22,4.54,4.36,17.9,10.3,7.4,25.5,32.1
Tanner Tully,CLE,RP,0,6,-0.1,6,6,7.61,7.91,7.7,6.7,20,9.5,19.8,27.3
Mike Minor,CIN,SP,98,0,-0.4,98,6.06,6.18,5.21,4.94,16.7,8.8,8.3,25.6,30.7
Joe Kelly,CHW,RP,1,36,0.5,37,6.08,3.06,3.16,3.18,31.2,13.5,12.9,32.7,24.2
Trevor Kelley,MIL,RP,0,23.2,-0.5,23.2,6.08,6.41,4.56,3.9,21.5,8.4,9.6,26.7,30.1
Adonis Medina,NYM,RP,0,23.2,0,23.2,6.08,4.04,4.38,3.89,15.5,5.5,8.2,24.9,37
Jeurys Familia,- - -,RP,0,44.1,-0.3,44.1,6.09,4.94,4.29,4.15,20.1,10.8,10.8,27.9,36
Justin Dunn,CIN,SP,31,0,-0.7,31,6.1,8.31,5.99,5.75,15.2,12.3,8.3,26.5,42.3
Dinelson Lamet,- - -,RP,0,32.1,0.2,32.1,6.12,4.07,3.93,3.43,30.2,12.8,16.5,32.4,42
Anderson Severino,CHW,RP,0,7.1,0,7.1,6.14,3.11,4.12,3.4,26.5,11.8,12.8,31.6,52.6
Robert Dugger,- - -,RP,4,11.3,0,16,6.19,4.49,3.9,3.62,26.4,9.7,12,28.9,39.1
Silvino Bracho,ATL,RP,0,4.1,-0.1,4.1,6.23,8.65,4.36,3.43,22.2,5.6,9.2,26.2,41.7
Jesus Cruz,ATL,RP,0,8.2,-0.2,8.2,6.23,7.96,5.34,4.77,15.4,10.3,11.7,23.3,35.7
Paul Fry,- - -,RP,0,13,-0.1,13,6.23,4.5,3.95,3.97,23,14.8,11.2,30.6,25.7
Andrew Vasquez,- - -,RP,0,8.2,0,8.2,6.23,4.73,4.25,3.48,25.6,10.3,9.2,37.9,31.8
Adrian Martinez,OAK,SP,57.2,0,-0.3,57.2,6.24,5.35,4.11,4.16,20.5,7.3,10.7,27,29.9
Louis Head,- - -,RP,0,28.2,-0.2,28.2,6.28,5.21,5.56,4.64,18.8,10.9,9.7,23.8,38.5
Adam Oller,OAK,SP,66,8.1,-1.1,74.1,6.3,6.5,6.06,5.83,13.6,11.6,9.3,22,34.5
Patrick Corbin,WSN,SP,152.2,0,0.8,152.2,6.31,4.84,4.21,4.33,18,6.9,9.2,25.8,39.9
Reiver Sanmartin,CIN,RP,11.1,45.2,-0.1,57,6.32,4.81,4.39,4.39,18.4,11.3,10.9,26.9,27.8
Elieser Hernandez,MIA,SP,46.2,15.2,-0.9,62.1,6.35,6.4,5.05,4.43,21.6,7.9,10.2,26.4,31.3
Arodys Vizcaino,KCR,RP,0,5.2,-0.2,5.2,6.35,8.05,8.37,8.13,10.3,24.1,9.6,21.7,47.4
Patrick Murphy,WSN,RP,0,5.2,0,5.2,6.35,5.94,7.5,7.2,11.8,23.5,8.5,20.4,31.8
Kaleb Ort,BOS,RP,0,28.1,-0.1,28.1,6.35,4.84,5.15,4.49,20.1,11.2,11.7,28,32.2
Joel Kuhnel,CIN,RP,0,58,0.3,58,6.36,3.96,3.52,3.19,22,5.5,11.2,27.2,31.7
Chase Anderson,CIN,SP,22.1,1.2,0.1,24,6.38,5.07,4.62,4.77,22.3,14.6,9.1,23.3,25.8
Josh Fleming,TBR,RP,11.2,23.1,-0.1,35,6.43,4.43,3.58,3.41,17.2,7.1,10.6,27.3,33.1
Shelby Miller,SFG,RP,0,7,0.4,7,6.43,0.4,1.67,1.61,46.7,10,8.7,36.2,23.1
Josh Sborz,TEX,RP,1,21.1,0.1,22.1,6.45,4.05,3.25,3.05,32,11,14.6,31.3,35.1
Josh Staumont,KCR,RP,0,37.2,0.1,37.2,6.45,4.25,4.99,4.67,24.4,16.5,10.7,25.9,31.1
Janson Junk,LAA,SP,7.1,1,0.2,8.1,6.48,3.11,2.44,2.81,29.7,8.1,6.9,25.2,34.8
Chasen Shreve,NYM,RP,0,26.1,-0.3,26.1,6.49,5.01,3.68,3.42,25.4,8.8,11.8,28.7,33.3
Art Warren,CIN,RP,0,36,-0.3,36,6.5,5.06,4.58,4.17,24.2,13.3,12.1,29.3,33.7
Collin Snider,KCR,RP,0,34.1,-0.1,34.1,6.55,4.45,4.48,4.49,14.6,9.9,8.7,24.9,31.3
Luke Weaver,- - -,RP,3.2,31.3,0.5,35.2,6.56,2.69,3.82,3.64,21.8,7.5,10.7,22.7,36.7
Chase Silseth,LAA,SP,28.2,0,-0.2,28.2,6.59,5.97,4.24,4.5,18.6,9.3,10.8,28.3,35.9
Aaron Sanchez,- - -,SP,43.3,16,0.2,60,6.6,4.48,4.18,4.16,15.5,5.7,7.8,25.2,36.3
T.J. McFarland,STL,RP,0,32.2,-0.3,32.2,6.61,5.32,4.69,4.56,11,7.6,6.6,22,39.7
Anthony DeSclafani,SFG,SP,19,0,0,19,6.63,4.85,4.14,4.08,18.1,4.3,9.4,27.1,29.2
Drew VerHagen,STL,RP,0,21.2,-0.6,21.2,6.65,6.53,5.51,5.09,17,13.2,11.7,26.3,32.9
Tucker Davidson,- - -,SP,48.4,2.2,-0.3,52,6.75,5.79,5.83,5.95,13.6,14.4,9.5,24.6,27.3
Tayler Scott,SDP,RP,0,12,0.1,12,6.75,3.53,3.93,3.87,22,10.2,11.8,32.2,32.5
David McKay,- - -,RP,0,6.2,-0.1,6.2,6.75,5.96,6.23,5.93,9.4,12.5,5.9,23,24
Reed Garrett,WSN,RP,0,9.1,-0.1,9.1,6.75,6.11,6.31,5.93,12.2,16.3,8.7,21.9,35.3
Julian Merryweather,TOR,RP,1,25.2,0.1,26.2,6.75,4.35,4.29,3.75,19.3,5.9,11,27.6,32.2
Elvis Peguero,LAA,RP,0,17.1,-0.2,17.1,6.75,5.59,4.22,4.08,15.6,6.5,12,26,30
Matt Reynolds,CIN,RP,0,1.1,0,1.1,6.75,7.61,10.94,5.92,0,0,4.8,14.3,42.9
Ian Hamilton,MIN,RP,0,2.2,-0.1,2.2,6.75,9.11,5.9,6.91,0,9.1,4.8,19,40
Alejo Lopez,CIN,RP,0,2.2,-0.1,2.2,6.75,12.86,7.55,9.07,0,0,7.7,19.2,50
Anthony Banda,- - -,RP,0.1,25.4,0,26.2,6.75,4.5,4.49,3.94,22.2,9.6,9.3,25.2,25.6
Rob Zastryzny,- - -,RP,0,4,0.1,4,6.75,2.36,4.21,3.92,18.8,6.3,11.1,22.2,33.3
Zach Logue,OAK,SP,49.1,7.2,-0.4,57,6.79,5.76,5.32,5.01,16.3,7.8,8.7,22.8,33.7
Jake McGee,- - -,RP,0,36.3,-0.1,37,6.81,4.84,5.53,4.98,15.3,7.4,8.6,22.3,38.1
Aaron Fletcher,PIT,RP,0,11.2,-0.2,11.2,6.94,6.11,5.91,5,11.5,7.7,12.1,30.1,43.6
Jake Reed,- - -,RP,0,15.5,0,16.2,7.02,5.09,5.58,4.69,16.9,10.4,8.1,29.3,35.8
Ashton Goudeau,COL,RP,0,20.1,0,20.1,7.08,4.93,5.05,4.71,17,10.6,9.9,24,41.2
Joan Adon,WSN,SP,64.2,0,0.1,64.2,7.1,5.11,5.06,5.08,17.7,12.6,6.5,23.3,31.4
Ethan Small,MIL,SP,6.1,0,-0.1,6.1,7.11,6.74,6.09,6.76,21.2,24.2,12.1,27.3,61.1
Norge Ruiz,OAK,RP,0,19,-0.2,19,7.11,5.38,4.43,4,19.1,7.4,9,23.8,37.3
Ronel Blanco,HOU,RP,0,6.1,-0.1,6.1,7.11,5.32,5.14,4.48,21.9,12.5,19.2,23.3,35
Tyler Clippard,WSN,RP,0,5,-0.1,5,7.2,8.31,8.38,5.71,14.3,14.3,7.1,25.7,17.6
Francisco Morales,PHI,RP,0,5,-0.2,5,7.2,8.71,7,7.91,14.3,28.6,7.6,27.8,18.2
Thomas Szapucki,- - -,RP,1.1,13.2,-0.3,15,7.2,7.31,4.09,3.62,26.9,10.4,10,26.1,40.5
Francisco Perez,WSN,RP,0,8.2,-0.2,8.2,7.27,7.61,6.83,6.23,14.6,18.8,8.3,21,43.8
Kolby Allard,TEX,RP,0,21,-0.7,21,7.29,7.87,4.28,3.81,21.8,6.9,11,29.1,34.4
Wil Myers,SDP,RP,0,3.2,-0.2,3.2,7.36,14.57,8.37,8.3,0,0,2.3,20.9,46.7
Jose Marte,LAA,RP,0,11,-0.3,11,7.36,7.66,6.91,7.34,25.9,31,9.1,24.9,44
Heath Hembree,- - -,RP,0,21.3,-0.7,22,7.36,7.43,6.17,5.82,15.9,15.9,6.6,26.3,32.9
Carlos Hernandez,KCR,SP,29.2,26.1,-0.2,56,7.39,5.2,5.72,5.54,13.2,11.7,10.7,24.5,28.6
Spencer Howard,TEX,SP,34,3.2,-0.7,37.2,7.41,6.83,4.81,4.63,17.9,8.4,7.8,25.3,34.4
Anthony Castro,CLE,RP,0,13.1,-0.5,13.1,7.43,8.44,4.89,4.96,18.5,15.4,11.5,26.2,41.9
Casey Lawrence,TOR,RP,0,18,-0.4,18,7.5,6.33,4.53,4.35,13.9,5.1,7.1,24.2,31.7
Max Meyer,MIA,SP,6,0,-0.1,6,7.5,6.45,4.09,3.93,23.1,7.7,12.4,28.1,27.8
Sergio Romo,- - -,RP,0,17.3,-0.8,18,7.5,7.61,5.44,5.02,17.7,7.6,10.4,25.6,24.1
Chad Smith,COL,RP,0,18,-0.1,18,7.5,4.83,4.54,4.41,27.1,17.6,11.6,28.5,37.8
Jhoulys Chacin,COL,RP,0,47.1,-0.2,47.1,7.61,4.93,4.88,4.54,16.9,9.6,8.5,25.6,31.4
Vladimir Gutierrez,CIN,SP,35,1.2,-0.5,36.2,7.61,6.82,6.29,5.64,16.2,13.4,6.7,24.3,30
Greg Holland,TEX,RP,0,4.2,-0.4,4.2,7.71,9.97,2.88,2.83,25,5,10,30,42.9
Jake Hager,ARI,RP,0,2.1,0,2.1,7.71,2.26,4.16,4.46,10,0,10.7,21.4,33.3
Aaron Brooks,STL,RP,0,9.1,-0.2,9.1,7.71,6.76,4.64,4.06,16.3,4.7,9.1,31.2,48.5
Carson Kelly,ARI,RP,0,4.2,-0.1,4.2,7.71,7.18,7.89,7.79,0,8.3,0,14.7,36.4
Kevin Herget,TBR,RP,0,7,0.1,7,7.71,1.97,4.72,4.31,13.3,0,9,27.9,26.9
Raynel Espinal,CIN,RP,0,4.2,0,4.2,7.71,4.4,3.52,3.22,23.8,4.8,15.8,30.3,33.3
Gavin Hollowell,COL,RP,0,7,0,7,7.71,4.4,5.08,4.29,25,12.5,10.5,27.3,30
Jacob Lemoine,OAK,RP,0,16.1,-0.4,16.1,7.71,5.99,4.98,4.48,17.6,9.5,8.1,27.2,25.9
Sam Coonrod,PHI,RP,0,12.2,0,12.2,7.82,4.61,5.11,4.41,20.7,12.1,8.9,21.6,25
Kyle Muller,ATL,SP,12.1,0,0,12.1,8.03,5.22,4.43,4.96,20.3,13.6,12,27.9,23.1
Luis Patino,TBR,SP,20,0,-0.6,20,8.1,8.01,6.85,6.35,11.2,13.3,9.5,23.5,31.5
Ethan Roberts,CHC,RP,0,7.2,-0.3,7.2,8.22,8.59,4.86,4.59,23.7,15.8,8.5,19.2,36.4
Matt Koch,SEA,RP,0,4.1,-0.2,4.1,8.31,8.42,5.15,4.85,15.8,5.3,11.1,25,33.3
James Norwood,PHI,RP,0,17.1,0.1,17.1,8.31,3.63,3.75,3.61,25.9,10.6,13.8,22.7,33.3
Jimmy Yacabonis,- - -,RP,1,12.3,-0.3,14,8.36,6.4,4.8,3.85,28.8,13.7,8.9,34.6,42.5
Bennett Sousa,CHW,RP,0,20.1,-0.3,20.1,8.41,5.47,5.38,5.04,12.5,10.4,11.8,25.5,26
Zac Lowther,BAL,RP,0,5.1,0,5.1,8.44,4.42,7.2,6.04,3.6,7.1,7,25,41.7
Sam Clay,- - -,RP,0,5.1,-0.2,5.1,8.44,8.17,6.29,4.09,17.2,13.8,7,33,25
Domingo Tapia,OAK,RP,0,17,-0.1,17,8.47,5.11,6,5.7,13.3,15.6,8.8,24.2,31.7
Foster Griffin,- - -,RP,0,6.1,0,6.1,8.53,4.69,5.86,5.81,12.5,15.6,9.9,29.7,50
Chris Devenski,- - -,RP,0,14.2,0,14.2,8.59,4.54,4.11,3.55,17.9,1.5,12.9,30.3,43.4
Sean Newcomb,- - -,RP,3,24.2,-0.7,27.2,8.78,6.91,5.07,4.79,20.9,14.2,7.6,26.1,33.3
Miguel Yajure,PIT,RP,4,20.1,-0.3,24.1,8.88,5.62,5.72,5.5,13.4,13.4,10.4,24.8,35.3
Cesar Valdez,LAA,RP,0,1,0,1,9,3.11,3.11,0.93,0,0,6.3,6.3,20
Chris Owings,BAL,RP,0,1,0,1,9,3.11,4.59,5.92,0,0,0,20,40
Tucker Barnhart,DET,RP,0,1,0,1,9,3.11,6.07,6.57,0,0,5.9,29.4,40
Robbie Erlin,LAD,RP,0,2,-0.1,2,9,10.11,5.83,5.73,11.1,11.1,5,17.5,42.9
Michael A. Taylor,KCR,RP,0,2,-0.1,2,9,10.61,7.07,5.67,15.4,15.4,5.4,29.7,33.3
Yolmer Sanchez,BOS,RP,0,1,0,1,9,3.11,7.55,7.23,0,0,0,0,16.7
Jackie Bradley Jr.,BOS,RP,0,1,0,1,9,10.11,11.59,11.99,14.3,42.9,6.7,13.3,33.3
Connor Sadzeck,MIL,RP,0,3,-0.1,3,9,11.45,6.73,6.56,15.4,7.7,6.3,22.9,20
Jose Castillo,SDP,RP,0,1,0,1,9,4.11,5.59,5.49,20,20,18.8,25,100
Luis Gil,NYY,SP,4,0,0.2,4,9,2.11,3.22,3.81,26.3,10.5,19.3,28.9,33.3
Ray Kerr,SDP,RP,0,5,-0.1,5,9,6.91,6.98,6.94,14.3,19,11.4,22.7,50
Sam Howard,PIT,RP,0,2,-0.2,2,9,16.11,12.57,10.46,8.3,33.3,6.9,25.9,16.7
Dallas Keuchel,- - -,SP,60.2,0,-0.3,60.2,9.2,5.52,4.72,4.96,14.9,10.2,9.2,24.5,28.6
Kohei Arihara,TEX,SP,18,2,-0.3,20,9.45,6.41,5.22,5.09,13,10.2,10,22.3,31.3
Lucas Sims,CIN,RP,0,6.2,0,6.2,9.45,4.76,5.87,5.92,16.1,19.4,6.2,25.6,26.3
Travis Lakins Sr.,BAL,RP,0,10.1,-0.3,10.1,9.58,7.37,5.75,5.07,16,12,9.1,23.6,42.9
Damon Jones,PHI,RP,0,4.2,0,4.2,9.64,6.11,7.38,5.7,19.2,19.2,12.4,26.7,23.1
Alec Mills,CHC,RP,3,14.2,-0.6,17.2,9.68,8.04,5.48,4.61,13.1,3.6,7.3,24.8,44.8
Jackson Kowar,KCR,RP,0,15.2,-0.3,15.2,9.77,6.37,4.56,4.42,20.7,13.4,10.3,28,33.3
Ryan Weathers,SDP,SP,3.2,0,0,3.2,9.82,4.75,6.36,6.46,14.3,19,11.2,20.2,28.6
Andrew Nardi,MIA,RP,0,14.2,-0.4,14.2,9.82,7.14,5.02,4.3,28.9,16.9,13.1,27.8,31.1
Daniel Duarte,CIN,RP,0,2.2,-0.1,2.2,10.13,9.86,8.87,7.93,14.3,21.4,5.2,16.9,33.3
Kervin Castro,- - -,RP,0,11.4,-0.2,12.1,10.22,6.19,4.71,4.56,19.3,12.3,9.6,26.8,35.9
Caleb Kilian,CHC,SP,11.1,0,0,11.1,10.32,4.97,6.79,6.85,16.1,21.4,6,20.4,35.3
Chris Ellis,BAL,SP,4.1,0,-0.1,4.1,10.38,7.04,8.74,8.37,8,24,8.4,20.5,18.8
Cam Vieaux,PIT,RP,0,8.2,0,8.2,10.38,4.73,3.78,3.08,31.3,10.4,9.1,26,42.3
Luis Frias,ARI,RP,0,17,-0.2,17,10.59,5.41,6.56,6.13,15.6,18.9,9.8,23,32.8
Elvin Rodriguez,DET,SP,23.1,6.1,-1,29.2,10.62,8.3,5.39,4.99,17.5,10.5,6.6,22.8,33.3
A.J. Ladwig,MIA,RP,0,3.1,-0.2,3.1,10.8,10.91,4.89,5.26,0,0,4.9,17.1,60
Jared Solomon,CIN,RP,0,8.1,-0.2,8.1,10.8,7.79,5.6,4.48,23.1,12.8,12.1,28.7,29.2
Tommy Romero,- - -,SP,4.4,3,-0.7,8.1,10.8,15.59,7.51,6.89,15.9,20.5,9.4,25.7,39.3
Alcides Escobar,WSN,RP,0,1.2,0,1.2,10.8,6.71,7.6,6.47,0,10,0,16.7,12.5
Bryce Montes de Oca,NYM,RP,0,3.1,0.1,3.1,10.8,1.31,2.2,2.83,31.6,10.5,11.9,28.6,27.3
Tyson Miller,TEX,RP,4.2,6,-0.1,10.2,10.97,5.64,5.95,5.55,14.3,14.3,8.8,24.1,21.1
Phillip Diehl,CIN,RP,0,5.2,-0.3,5.2,11.12,10.52,7.04,6.29,10.7,10.7,10,28.3,45.5
Luke Barker,MIL,RP,0,4,-0.1,4,11.25,8.11,2.72,2.96,15.8,0,11.1,27.8,50
Connor Seabold,BOS,SP,18.1,0,-0.2,18.1,11.29,6.39,5.5,4.63,19.4,8.2,11.1,25.7,30.9
Yennier Cano,- - -,RP,0,17.3,-0.3,18,11.5,5.78,4.93,4.81,21.6,16.5,9.9,27.7,33.9
R.J. Alvarez,NYM,RP,0,2.1,-0.3,2.1,11.57,16.4,7.79,7.13,15.4,23.1,11.8,31.4,37.5
A.J. Alexy,TEX,RP,0,7,-0.2,7,11.57,7.11,5.89,6.71,15.8,23.7,5.3,25,34.8
Pedro Baez,HOU,RP,0,2.1,0,2.1,11.57,5.26,7.79,6.54,12.5,18.8,13.7,26,36.4
Chris Mazza,TBR,RP,0,5.1,-0.5,5.1,11.81,13.05,7.96,5.99,14.3,17.1,10.4,20.7,36.4
Bryan Hoeing,MIA,RP,3,9.2,-0.5,12.2,12.08,8.48,4.99,5,9.8,8.2,4.5,23.2,32
Yu Chang,TBR,RP,0,2,-0.1,2,13.5,9.61,6.07,5.92,0,0,0,15.4,54.5
Austin Wynns,SFG,RP,0,2,-0.1,2,13.5,11.11,8.31,8.03,0,10,3.8,11.5,33.3
Locke St. John,CHC,RP,0,2,-0.1,2,13.5,12.11,2.07,1.8,44.4,0,20.7,34.5,80
Huascar Ynoa,ATL,SP,6.2,0,-0.2,6.2,13.5,7.31,4.74,5.05,21.6,16.2,9.5,21.1,47.8
Stephen Strasburg,WSN,SP,4.2,0,0,4.2,13.5,5.68,4.48,4.17,21.7,8.7,4.8,32.5,26.7
Ryan McKenna,BAL,RP,0,1.1,0,1.1,13.5,5.36,9.8,7.6,0,10,3.2,16.1,33.3
Jake Walsh,STL,RP,0,2.2,0,2.2,13.5,2.74,4.4,3.18,33.3,13.3,7.7,24.6,42.9
Tayler Saucedo,TOR,RP,0,2.2,-0.4,2.2,13.5,18.86,7.01,6.25,0,6.7,8.3,22.9,71.4
Zack Britton,NYY,RP,0,0.2,-0.2,0.2,13.5,27.11,27.11,21.09,11.1,66.7,5.1,23.1,0
Cade Cavalli,WSN,SP,4.1,0,0.1,4.1,14.54,3.8,5.51,3.66,26.1,8.7,12.1,22.2,41.7
Cody Sedlock,BAL,RP,0,3,0,3,15,2.11,3.59,3.71,18.8,6.3,16.9,28.2,41.7
T.J. Zeuch,CIN,SP,10.2,0,-0.5,10.2,15.19,11.08,7.21,6.07,7.8,10.9,6.8,22.8,36.7
Jose Butto,NYM,SP,4,0,-0.1,4,15.75,8.61,5.07,4.61,21.7,8.7,10.2,24.5,43.8
Oliver Perez,ARI,RP,0,4,-0.1,4,15.75,7.36,7.44,5.77,4.2,4.2,4.1,26,35
Garrett Stubbs,PHI,RP,0,3.2,-0.2,3.2,17.18,14.02,5.81,5.37,5.6,5.6,5,20,50
Yadier Molina,STL,RP,0,2,-0.1,2,18,15.11,4.33,4.69,8.3,0,2.5,17.5,72.7
Josh Harrison,CHW,RP,0,3,-0.1,3,18,8.11,6.74,5.61,11.1,11.1,3.5,22.8,28.6
Whit Merrifield,TOR,RP,0,1,-0.1,1,18,19.11,10.55,6.44,0,0,7.7,30.8,60
Brett Phillips,TBR,RP,0,4,-0.2,4,18,14.36,9.05,8.01,0,9.1,1.7,13.6,55
Matt Dermody,CHC,RP,0,1,0,1,18,7.11,7.11,8.12,14.3,28.6,11.5,23.1,75
Hunter Dozier,KCR,RP,0,1,-0.1,1,18,19.11,9.07,7.67,0,16.7,0,21.7,20
Frank Schwindel,CHC,RP,0,3,-0.2,3,18,21.45,9.54,9.13,0,5.6,7.1,14.3,52.9
Mike Ford,ATL,RP,0,1,-0.1,1,18,19.11,9.07,9.13,0,20,0,6.7,25
Bubby Rossman,PHI,RP,0,1,-0.1,1,18,17.11,8.55,7.74,20,20,22.2,33.3,33.3
Nicky Lopez,KCR,RP,0,1,-0.1,1,18,29.11,7.55,6.44,0,0,0,6.3,83.3
Shaun Anderson,TOR,RP,0,1,0,1,18,3.11,7.55,5.92,0,0,4.8,28.6,42.9
Ernie Clement,CLE,RP,0,2,-0.1,2,18,16.11,5.33,5.34,0,0,2.4,16.7,36.4
Nicklaus Snyder,TEX,RP,0,1,-0.1,1,18,12.11,15.07,14.42,0,42.9,3,12.1,25
Frank German,BOS,RP,0,4,-0.2,4,18,10.61,5.59,5.39,17.4,17.4,3.6,19,40
Noah Davis,COL,RP,0,1,-0.1,1,18,15.11,5.07,3.82,28.6,14.3,9.4,43.8,75
Hunter Gaddis,CLE,SP,7.1,0,-0.6,7.1,18.41,15.39,7.42,6.54,12.5,7.5,8.2,21.6,53.1
Thomas Hatch,TOR,SP,4.2,0,-0.3,4.2,19.29,11.68,4.6,4.31,15.4,7.7,8.5,21.1,36.8
Nick Maton,PHI,RP,0,1.1,0,1.1,20.25,3.11,6.44,5.55,0,0,0,24,37.5
Jerad Eickhoff,PIT,SP,4.1,0,-0.2,4.1,20.77,10.04,6.43,4.44,14.8,3.7,10.8,22.9,42.1
Darwinzon Hernandez,BOS,RP,0,6.2,-0.5,6.2,21.6,12.71,7.13,5.42,20.9,18.6,14.3,29.1,50
Nick Gordon,MIN,RP,0,3.2,-0.2,3.2,22.09,13.48,11.23,9.15,0,16,1.2,10.6,23.8
JC Mejia,MIL,RP,0,2.1,-0.1,2.1,23.14,8.68,9.32,9.93,6.3,31.3,11.9,25.4,40
Jake Brentz,KCR,RP,0,5.1,-0.3,5.1,23.63,8.36,7.04,6.53,23.7,26.3,9.4,29.4,44.4
Dee Strange-Gordon,WSN,RP,0,1,-0.1,1,27,28.11,19.55,13.17,0,37.5,0,14.3,75
Victor Caratini,MIL,RP,0,1,0,1,27,9.11,12.07,7.67,0,14.3,0,7.1,0
Chad Pinder,OAK,RP,0,1,0,1,27,12.11,13.59,10.69,0,28.6,0,15.4,25
Donovan Walton,SFG,RP,0,1,-0.1,1,27,19.11,7.59,6.8,0,14.3,0,23.8,16.7
Albert Pujols,STL,RP,0,1,-0.1,1,36,32.11,9.07,7.67,0,14.3,0,18.5,50
Diego Castillo,PIT,RP,0,2,-0.1,2,36,14.61,9.59,6.71,6.7,20,11.7,21.7,30
Josh VanMeter,PIT,RP,0,3,-0.3,3,39,26.78,10.05,6.87,0,7.4,1.4,14.9,48
Brendon Little,CHC,RP,0,0.2,-0.2,0.2,40.5,31.61,16.55,8.06,0,16.7,0,18.2,25
Andrelton Simmons,CHC,RP,0,1,0,1,45,6.11,12.03,7.83,0,11.1,4,16,37.5
Max Schrock,CIN,RP,0,1,-0.1,1,45,29.11,6.07,6.2,0,0,0,3.8,60
Brian Moran,LAA,RP,0,0.1,-0.1,0.1,54,51.11,16.55,8.66,0,20,16,20,25
